

{
  "type": "FeatureCollection",
  "features": [
    {
      "type": "Feature",
      "properties": {
        "name_kml": "Maliksi 1",
        "name_db": "MALIKSI I",
        "centroid_lat": 14.461799,
        "centroid_lng": 120.954462
      },
      "geometry": {
        "coordinates": [
          [
            [
              120.952024361893,
              14.460241840089
            ],
            [
              120.9520884483201,
              14.4597003752448
            ],
            [
              120.9521320386008,
              14.45947510748807
            ],
            [
              120.952423258126,
              14.45948345032697
            ],
            [
              120.9524502939108,
              14.45938149876498
            ],
            [
              120.9528865279766,
              14.45935371983126
            ],
            [
              120.9528890639513,
              14.45927246600328
            ],
            [
              120.9531301568038,
              14.45920743444554
            ],
            [
              120.953101040114,
              14.45902990710947
            ],
            [
              120.9532138168919,
              14.4590242719817
            ],
            [
              120.953249623405,
              14.45935590753101
            ],
            [
              120.9532841569989,
              14.45942906864262
            ],
            [
              120.9533041798137,
              14.45944119730525
            ],
            [
              120.9534675825233,
              14.4594382479905
            ],
            [
              120.9563820421851,
              14.45982638048208
            ],
            [
              120.9563012610573,
              14.46037365550966
            ],
            [
              120.9560812883191,
              14.46183181033958
            ],
            [
              120.9560751493664,
              14.46188107085269
            ],
            [
              120.9560567925511,
              14.46205660782065
            ],
            [
              120.9561218095377,
              14.46199206789752
            ],
            [
              120.9561744500165,
              14.46197624891176
            ],
            [
              120.9564130069477,
              14.46204807546319
            ],
            [
              120.9564637929887,
              14.46197411120064
            ],
            [
              120.9566426567046,
              14.46198496491029
            ],
            [
              120.9566743973147,
              14.46190618489957
            ],
            [
              120.9567506424747,
              14.46191847269583
            ],
            [
              120.9567382023478,
              14.46197416864265
            ],
            [
              120.9567665577906,
              14.46200464196663
            ],
            [
              120.9566682908717,
              14.46231303568024
            ],
            [
              120.9570562091153,
              14.46249079086421
            ],
            [
              120.9570143081079,
              14.46263691250751
            ],
            [
              120.9570976690078,
              14.46265391232699
            ],
            [
              120.957148221197,
              14.46260552269488
            ],
            [
              120.9573223057155,
              14.46269779001467
            ],
            [
              120.9571474853752,
              14.46286052251706
            ],
            [
              120.9569271509893,
              14.46310958368399
            ],
            [
              120.9568718046699,
              14.46318337063994
            ],
            [
              120.9567572937044,
              14.46333603487307
            ],
            [
              120.9566876486244,
              14.46356845450426
            ],
            [
              120.9559100755116,
              14.46333149450195
            ],
            [
              120.9558871821319,
              14.46341414851563
            ],
            [
              120.9557613224307,
              14.46342105740673
            ],
            [
              120.9557355500023,
              14.46373906730082
            ],
            [
              120.9550569177036,
              14.4643092086438
            ],
            [
              120.9549177097204,
              14.46438056251573
            ],
            [
              120.9549068779859,
              14.46438010932253
            ],
            [
              120.9546750565676,
              14.46531754505625
            ],
            [
              120.9548431294694,
              14.46561359715133
            ],
            [
              120.9544920173397,
              14.46597698461217
            ],
            [
              120.9535562702671,
              14.46556933032241
            ],
            [
              120.949973321469,
              14.46426064538595
            ],
            [
              120.9504456513876,
              14.46280009243385
            ],
            [
              120.9510985678862,
              14.46209527332765
            ],
            [
              120.9519228689294,
              14.46180580305166
            ],
            [
              120.9519216375897,
              14.46145709511533
            ],
            [
              120.9519240229284,
              14.46134859860991
            ],
            [
              120.9519551749288,
              14.46086680351213
            ],
            [
              120.9520467276152,
              14.46086828628036
            ],
            [
              120.9520695374234,
              14.46068059634673
            ],
            [
              120.9521375434761,
              14.46068487281335
            ],
            [
              120.9521424536066,
              14.46062915215614
            ],
            [
              120.9520783128406,
              14.46062039443995
            ],
            [
              120.9521249023098,
              14.46030735543755
            ],
            [
              120.952024361893,
              14.460241840089
            ]
          ]
        ],
        "type": "Polygon"
      }
    },
    {
      "type": "Feature",
      "properties": {
        "name_kml": "Salinas 1",
        "name_db": "SALINAS I",
        "centroid_lat": 14.441559,
        "centroid_lng": 120.936534
      },
      "geometry": {
        "coordinates": [
          [
            [
              120.9376692384114,
              14.43405527755697
            ],
            [
              120.9377919479258,
              14.43410544564138
            ],
            [
              120.9401375412733,
              14.43499834661258
            ],
            [
              120.9401522471733,
              14.43496908252578
            ],
            [
              120.9403163378572,
              14.4350133673424
            ],
            [
              120.9409811824142,
              14.43509989036466
            ],
            [
              120.9414408536559,
              14.43527177340606
            ],
            [
              120.9422097482498,
              14.43541117031796
            ],
            [
              120.9421128912211,
              14.43599717736125
            ],
            [
              120.9420922680983,
              14.4361785964414
            ],
            [
              120.9415449394424,
              14.43772028378435
            ],
            [
              120.9415033392163,
              14.43783448285395
            ],
            [
              120.9414346243984,
              14.43834563018413
            ],
            [
              120.9414557888468,
              14.43834931015958
            ],
            [
              120.9414196401816,
              14.43862638211316
            ],
            [
              120.9413500244489,
              14.4389687356516
            ],
            [
              120.9413349113114,
              14.43910278847256
            ],
            [
              120.9413124706496,
              14.43921801673385
            ],
            [
              120.9411197685366,
              14.4399080471258
            ],
            [
              120.9409478402529,
              14.44052368651787
            ],
            [
              120.9407620817624,
              14.44082402742005
            ],
            [
              120.9406376755123,
              14.44116397663371
            ],
            [
              120.9404412289657,
              14.44134283014204
            ],
            [
              120.9403920720395,
              14.44152055852936
            ],
            [
              120.9403487126005,
              14.4416920128025
            ],
            [
              120.9402705439687,
              14.44181149814484
            ],
            [
              120.9402120521229,
              14.44197021024275
            ],
            [
              120.9401930097357,
              14.44208533052482
            ],
            [
              120.9402011398278,
              14.44215099361402
            ],
            [
              120.9402225790197,
              14.44227785874242
            ],
            [
              120.9402538694688,
              14.44233921796341
            ],
            [
              120.9403433856115,
              14.44243826329874
            ],
            [
              120.9402829503275,
              14.44258481637082
            ],
            [
              120.9402410401292,
              14.44267244846856
            ],
            [
              120.9402162577387,
              14.44274132876502
            ],
            [
              120.9401937388848,
              14.4427875720597
            ],
            [
              120.9401527283381,
              14.44283327816955
            ],
            [
              120.9400876277975,
              14.4428726400639
            ],
            [
              120.9400282280763,
              14.44290666922694
            ],
            [
              120.9400099378805,
              14.44294005638039
            ],
            [
              120.9399900953119,
              14.44300653198069
            ],
            [
              120.9399979143261,
              14.44305924853709
            ],
            [
              120.9400094090558,
              14.44308958664124
            ],
            [
              120.9400468260862,
              14.44314614146019
            ],
            [
              120.9400110693718,
              14.44328140607426
            ],
            [
              120.9399723619407,
              14.44342058086691
            ],
            [
              120.9394391379198,
              14.44406869587281
            ],
            [
              120.9393980235397,
              14.44406384372045
            ],
            [
              120.9394215559277,
              14.44412024239126
            ],
            [
              120.939363601966,
              14.44422285711015
            ],
            [
              120.9393947774214,
              14.44431280029221
            ],
            [
              120.9389388863227,
              14.44495576575188
            ],
            [
              120.9366244907097,
              14.44405953432645
            ],
            [
              120.9366161888044,
              14.44412838382747
            ],
            [
              120.9365077908202,
              14.44441983913208
            ],
            [
              120.9361829820746,
              14.44428111156828
            ],
            [
              120.9359651881395,
              14.44482452817276
            ],
            [
              120.9356783808738,
              14.44470873353912
            ],
            [
              120.9356296098008,
              14.44477296904232
            ],
            [
              120.9355031224436,
              14.44488102352076
            ],
            [
              120.9354265487492,
              14.44496437398813
            ],
            [
              120.9334105876698,
              14.44396398213485
            ],
            [
              120.9331116508325,
              14.44466800858599
            ],
            [
              120.9340288211101,
              14.44508715515752
            ],
            [
              120.9345000228384,
              14.44539584272555
            ],
            [
              120.9346012296194,
              14.44527353886551
            ],
            [
              120.9349945356347,
              14.44546177343392
            ],
            [
              120.9349486880297,
              14.44566922285964
            ],
            [
              120.9348786934043,
              14.44578670659206
            ],
            [
              120.9350063487898,
              14.44589390164465
            ],
            [
              120.9348216329225,
              14.44609471945923
            ],
            [
              120.934240871571,
              14.44699596205418
            ],
            [
              120.9343351432882,
              14.44709539010414
            ],
            [
              120.9342601009579,
              14.44735529566661
            ],
            [
              120.9341250273066,
              14.44754328573224
            ],
            [
              120.933852504111,
              14.44728393798828
            ],
            [
              120.9323005535184,
              14.44683025459219
            ],
            [
              120.9319254623237,
              14.44668121227538
            ],
            [
              120.9320495773289,
              14.44636117229994
            ],
            [
              120.9315609409555,
              14.44617716332541
            ],
            [
              120.9314966843745,
              14.4464940386557
            ],
            [
              120.9311842330226,
              14.44677777863825
            ],
            [
              120.9309379820151,
              14.44645514798042
            ],
            [
              120.9308950191077,
              14.44626844978492
            ],
            [
              120.9310860110053,
              14.44608104620962
            ],
            [
              120.9312422783522,
              14.44588803206315
            ],
            [
              120.9313342021655,
              14.44568582415725
            ],
            [
              120.9314321776596,
              14.44541191185309
            ],
            [
              120.9315060939268,
              14.44512418564436
            ],
            [
              120.9313355785716,
              14.44445140350524
            ],
            [
              120.9312793553257,
              14.44407185779194
            ],
            [
              120.9311387837363,
              14.44366419543671
            ],
            [
              120.9309982135227,
              14.44320733234822
            ],
            [
              120.9309490153685,
              14.44299647371167
            ],
            [
              120.9309490188093,
              14.44286293015366
            ],
            [
              120.931357150609,
              14.44215067974361
            ],
            [
              120.9315983368413,
              14.4420637058486
            ],
            [
              120.9317920743674,
              14.44208743186851
            ],
            [
              120.9320253467955,
              14.44225744172726
            ],
            [
              120.9324760738771,
              14.44272002217473
            ],
            [
              120.9327291169353,
              14.44283863515533
            ],
            [
              120.9329510262188,
              14.4428658208334
            ],
            [
              120.9330109537372,
              14.44284772111779
            ],
            [
              120.9332534979483,
              14.44272646416863
            ],
            [
              120.933472940221,
              14.44256041800053
            ],
            [
              120.9336093543528,
              14.44227872732623
            ],
            [
              120.9336330808649,
              14.44215122515585
            ],
            [
              120.9337161153215,
              14.44197035048852
            ],
            [
              120.9337220487981,
              14.44186656865344
            ],
            [
              120.9338584697857,
              14.44127353311648
            ],
            [
              120.9341342675642,
              14.44055596292062
            ],
            [
              120.9344901181697,
              14.4403602673858
            ],
            [
              120.9347510735444,
              14.4402802133968
            ],
            [
              120.9350298213413,
              14.44018533337784
            ],
            [
              120.9352077471747,
              14.4400548689441
            ],
            [
              120.9353767786687,
              14.43987992631596
            ],
            [
              120.9354390538829,
              14.43976428496119
            ],
            [
              120.9356158329808,
              14.43935855197146
            ],
            [
              120.9358108995211,
              14.43893683987794
            ],
            [
              120.9361008585648,
              14.4384729583386
            ],
            [
              120.9362695629448,
              14.43816721809447
            ],
            [
              120.9363340772737,
              14.43776440651534
            ],
            [
              120.9362465101859,
              14.43714361321058
            ],
            [
              120.9361473128123,
              14.43676599610895
            ],
            [
              120.9360994634038,
              14.43661108758119
            ],
            [
              120.9361250545119,
              14.43625794767603
            ],
            [
              120.9362213922293,
              14.43599311534884
            ],
            [
              120.9363261773445,
              14.43587451096373
            ],
            [
              120.9364640612993,
              14.43573156054067
            ],
            [
              120.9369415001514,
              14.43520673232226
            ],
            [
              120.9371169575155,
              14.43496013089531
            ],
            [
              120.9371668785217,
              14.43480940182444
            ],
            [
              120.9373003216993,
              14.43475899585044
            ],
            [
              120.9373121877505,
              14.43456922400249
            ],
            [
              120.9373625988497,
              14.43456032964712
            ],
            [
              120.9374130125284,
              14.43449509695595
            ],
            [
              120.9374174616739,
              14.43442244919042
            ],
            [
              120.9376692384114,
              14.43405527755697
            ]
          ]
        ],
        "type": "Polygon"
      }
    },
    {
      "type": "Feature",
      "properties": {
        "name_kml": "Dulong Bayan",
        "name_db": "DULONG BAYAN",
        "centroid_lat": 14.448148,
        "centroid_lng": 120.935851
      },
      "geometry": {
        "coordinates": [
          [
            [
              120.9329966045796,
              14.4483840587831
            ],
            [
              120.9331325625362,
              14.44820674684317
            ],
            [
              120.9329423712528,
              14.44809001022908
            ],
            [
              120.9330273499666,
              14.44792214747746
            ],
            [
              120.9332235692848,
              14.44801199464944
            ],
            [
              120.9334953168933,
              14.44813642521961
            ],
            [
              120.9335997520942,
              14.44769346573871
            ],
            [
              120.9336099053263,
              14.44749484696496
            ],
            [
              120.9337331639323,
              14.44734696332196
            ],
            [
              120.933852504111,
              14.44728393798828
            ],
            [
              120.9341250273066,
              14.44754328573224
            ],
            [
              120.9342601009579,
              14.44735529566661
            ],
            [
              120.9343351432882,
              14.44709539010414
            ],
            [
              120.934240871571,
              14.44699596205418
            ],
            [
              120.9348216329225,
              14.44609471945923
            ],
            [
              120.9350063487898,
              14.44589390164465
            ],
            [
              120.9348786934043,
              14.44578670659206
            ],
            [
              120.9349486880297,
              14.44566922285964
            ],
            [
              120.9349945356347,
              14.44546177343392
            ],
            [
              120.9346012296194,
              14.44527353886551
            ],
            [
              120.9345000228384,
              14.44539584272555
            ],
            [
              120.9340288211101,
              14.44508715515752
            ],
            [
              120.9331116508325,
              14.44466800858599
            ],
            [
              120.9334105876698,
              14.44396398213485
            ],
            [
              120.9354265487492,
              14.44496437398813
            ],
            [
              120.9355031224436,
              14.44488102352076
            ],
            [
              120.9356296098008,
              14.44477296904232
            ],
            [
              120.9356783808738,
              14.44470873353912
            ],
            [
              120.9359651881395,
              14.44482452817276
            ],
            [
              120.9361829820746,
              14.44428111156828
            ],
            [
              120.9365077908202,
              14.44441983913208
            ],
            [
              120.9366161888044,
              14.44412838382747
            ],
            [
              120.9366244907097,
              14.44405953432645
            ],
            [
              120.9389388863227,
              14.44495576575188
            ],
            [
              120.9393947774214,
              14.44431280029221
            ],
            [
              120.9395377147836,
              14.44472661013572
            ],
            [
              120.9397054933099,
              14.44491567764041
            ],
            [
              120.9401235910618,
              14.44528756286831
            ],
            [
              120.9402373678178,
              14.44551264370695
            ],
            [
              120.940625302133,
              14.44546504734462
            ],
            [
              120.9407387616933,
              14.44551577846856
            ],
            [
              120.9409093208046,
              14.44540060103581
            ],
            [
              120.9409919183101,
              14.44595920368083
            ],
            [
              120.9409283181212,
              14.44597265874106
            ],
            [
              120.9408803687904,
              14.44598280274154
            ],
            [
              120.9407067704346,
              14.44605240517276
            ],
            [
              120.9406556780551,
              14.4461867180415
            ],
            [
              120.9404002559415,
              14.44672395593987
            ],
            [
              120.939960252625,
              14.44703139108449
            ],
            [
              120.9398531375016,
              14.44727910106498
            ],
            [
              120.9397459081177,
              14.44790494039394
            ],
            [
              120.9397190075039,
              14.4483743357279
            ],
            [
              120.9395048769554,
              14.44853074243852
            ],
            [
              120.9393844383622,
              14.44858286335635
            ],
            [
              120.939250483002,
              14.44909134537268
            ],
            [
              120.9387687010037,
              14.44939110257614
            ],
            [
              120.9385411758016,
              14.44958662189192
            ],
            [
              120.9384474261417,
              14.44987345149075
            ],
            [
              120.9384071622181,
              14.45027764772099
            ],
            [
              120.9381180775617,
              14.45085128074224
            ],
            [
              120.937737774111,
              14.45147703757931
            ],
            [
              120.9371596055142,
              14.45195035598198
            ],
            [
              120.936621554241,
              14.45249886116689
            ],
            [
              120.9364410928964,
              14.45259657973249
            ],
            [
              120.9362355514722,
              14.45265486193375
            ],
            [
              120.9360868971378,
              14.45263121905134
            ],
            [
              120.9358864503164,
              14.45261329000889
            ],
            [
              120.9357593720091,
              14.45259355729671
            ],
            [
              120.9355961578894,
              14.45260188863013
            ],
            [
              120.9356759331374,
              14.45214168775088
            ],
            [
              120.9357257762525,
              14.45215534354123
            ],
            [
              120.9357663379569,
              14.45213901701305
            ],
            [
              120.9363086852627,
              14.45123227328851
            ],
            [
              120.9356482378287,
              14.45084655599069
            ],
            [
              120.9356233548213,
              14.45081664308502
            ],
            [
              120.9355727459614,
              14.4507852437295
            ],
            [
              120.9353567498301,
              14.45077808057735
            ],
            [
              120.9352497176728,
              14.45079078599119
            ],
            [
              120.9352275961538,
              14.45079789974681
            ],
            [
              120.9352398864323,
              14.45069089045095
            ],
            [
              120.935218682825,
              14.45047543080706
            ],
            [
              120.934845582136,
              14.45038971181468
            ],
            [
              120.9349005010146,
              14.45014040839193
            ],
            [
              120.9342755795002,
              14.4498476717108
            ],
            [
              120.9340131588863,
              14.44980930871965
            ],
            [
              120.9338610336063,
              14.44980791955107
            ],
            [
              120.9329860711044,
              14.44956087800401
            ],
            [
              120.9326190919899,
              14.44963637290359
            ],
            [
              120.9326012215105,
              14.44954506956122
            ],
            [
              120.9325065480553,
              14.44948403207244
            ],
            [
              120.9323820282668,
              14.44912522830993
            ],
            [
              120.9323758192916,
              14.44903041308219
            ],
            [
              120.9322197575711,
              14.44898827484669
            ],
            [
              120.9321791279109,
              14.44896147811273
            ],
            [
              120.9321673645407,
              14.44891364601501
            ],
            [
              120.9321938867381,
              14.44885721691358
            ],
            [
              120.9322518095391,
              14.44883332102655
            ],
            [
              120.9323566781679,
              14.44881125919906
            ],
            [
              120.9326261668055,
              14.44874291058254
            ],
            [
              120.9327804817223,
              14.44868367876937
            ],
            [
              120.9328963097406,
              14.4484562235575
            ],
            [
              120.9329490596566,
              14.44836003239594
            ],
            [
              120.9329966045796,
              14.4483840587831
            ]
          ]
        ],
        "type": "Polygon"
      }
    },
    {
      "type": "Feature",
      "properties": {
        "name_kml": "Habay 1",
        "name_db": "HABAY I",
        "centroid_lat": 14.45064,
        "centroid_lng": 120.943741
      },
      "geometry": {
        "coordinates": [
          [
            [
              120.9341027863646,
              14.45551642897963
            ],
            [
              120.9351010591892,
              14.4538754194411
            ],
            [
              120.9353419181306,
              14.45384941397144
            ],
            [
              120.9354490215851,
              14.45366690117952
            ],
            [
              120.9354626925734,
              14.45275417836092
            ],
            [
              120.9355028751639,
              14.45262380054665
            ],
            [
              120.9355961578894,
              14.45260188863013
            ],
            [
              120.9357593720091,
              14.45259355729671
            ],
            [
              120.9358864503164,
              14.45261329000889
            ],
            [
              120.9360868971378,
              14.45263121905134
            ],
            [
              120.9362355514722,
              14.45265486193375
            ],
            [
              120.9364410928964,
              14.45259657973249
            ],
            [
              120.936621554241,
              14.45249886116689
            ],
            [
              120.9371596055142,
              14.45195035598198
            ],
            [
              120.937737774111,
              14.45147703757931
            ],
            [
              120.9381180775617,
              14.45085128074224
            ],
            [
              120.9384071622181,
              14.45027764772099
            ],
            [
              120.9384474261417,
              14.44987345149075
            ],
            [
              120.9385411758016,
              14.44958662189192
            ],
            [
              120.9387687010037,
              14.44939110257614
            ],
            [
              120.939250483002,
              14.44909134537268
            ],
            [
              120.9393844383622,
              14.44858286335635
            ],
            [
              120.9395048769554,
              14.44853074243852
            ],
            [
              120.9397190075039,
              14.4483743357279
            ],
            [
              120.9397459081177,
              14.44790494039394
            ],
            [
              120.9398531375016,
              14.44727910106498
            ],
            [
              120.939960252625,
              14.44703139108449
            ],
            [
              120.9404002559415,
              14.44672395593987
            ],
            [
              120.9406556780551,
              14.4461867180415
            ],
            [
              120.9407067704346,
              14.44605240517276
            ],
            [
              120.9408803687904,
              14.44598280274154
            ],
            [
              120.9409283181213,
              14.4459726587411
            ],
            [
              120.9409919183101,
              14.44595920368083
            ],
            [
              120.9409093208046,
              14.44540060103581
            ],
            [
              120.9407972890074,
              14.44532168827093
            ],
            [
              120.9409829165502,
              14.4445716396701
            ],
            [
              120.9414476712587,
              14.4446852723297
            ],
            [
              120.9415190926237,
              14.44460437719683
            ],
            [
              120.9419059892301,
              14.44473862121661
            ],
            [
              120.9419955773207,
              14.44458797827917
            ],
            [
              120.9420969006578,
              14.44470608367491
            ],
            [
              120.9422999461437,
              14.44437172043014
            ],
            [
              120.9423537136671,
              14.4442960808176
            ],
            [
              120.9424523151951,
              14.44406041732664
            ],
            [
              120.9425240145007,
              14.44392658778104
            ],
            [
              120.9425305268361,
              14.44392151360496
            ],
            [
              120.942796907744,
              14.44392175222936
            ],
            [
              120.9429077974733,
              14.44388891494271
            ],
            [
              120.9430409741178,
              14.4439064854733
            ],
            [
              120.9431275998653,
              14.44393877396666
            ],
            [
              120.9431631115655,
              14.44392854491929
            ],
            [
              120.9432072018695,
              14.44380727808627
            ],
            [
              120.9431558373204,
              14.44372476016854
            ],
            [
              120.9434238376833,
              14.44336156126434
            ],
            [
              120.9437231179359,
              14.44350411965779
            ],
            [
              120.9440102770486,
              14.44358709745047
            ],
            [
              120.9442629900473,
              14.44364307986086
            ],
            [
              120.9444617779139,
              14.44373542014752
            ],
            [
              120.9446807975522,
              14.44370933081742
            ],
            [
              120.9450049460484,
              14.44373056807857
            ],
            [
              120.9449852862974,
              14.44405195244057
            ],
            [
              120.9450640808736,
              14.44409396911099
            ],
            [
              120.9455950136869,
              14.4438411126318
            ],
            [
              120.9457334729713,
              14.44315575028453
            ],
            [
              120.9467571987912,
              14.44310955264525
            ],
            [
              120.9468701947444,
              14.44321022512516
            ],
            [
              120.9466777438419,
              14.44391564708689
            ],
            [
              120.9467293618328,
              14.44404167867437
            ],
            [
              120.946728966491,
              14.44428800613652
            ],
            [
              120.9467448918354,
              14.44453170687431
            ],
            [
              120.9461070179614,
              14.44480761148175
            ],
            [
              120.946077107477,
              14.44495805880723
            ],
            [
              120.9459817787563,
              14.44502829505968
            ],
            [
              120.945380299112,
              14.44525675841668
            ],
            [
              120.9453144072521,
              14.44509169540646
            ],
            [
              120.9437385924641,
              14.44540569988879
            ],
            [
              120.9438318559384,
              14.44593604988767
            ],
            [
              120.9440531587032,
              14.44591945124573
            ],
            [
              120.9440918828751,
              14.44610793637823
            ],
            [
              120.9448124913362,
              14.4460229608511
            ],
            [
              120.9447937566678,
              14.44586353406732
            ],
            [
              120.944836098519,
              14.4458218570801
            ],
            [
              120.9449598152546,
              14.44577729838432
            ],
            [
              120.9449791028666,
              14.44647625697573
            ],
            [
              120.9437276747469,
              14.44677491585648
            ],
            [
              120.9436380980074,
              14.44673118653276
            ],
            [
              120.9431720214983,
              14.44689353859131
            ],
            [
              120.9431638478044,
              14.44718336200962
            ],
            [
              120.9432361753127,
              14.4473056777721
            ],
            [
              120.9521767956434,
              14.44544452278561
            ],
            [
              120.9521799851889,
              14.44547430110078
            ],
            [
              120.9521891636472,
              14.44562732975477
            ],
            [
              120.9516400887192,
              14.44622768180956
            ],
            [
              120.9514143363526,
              14.44658816120817
            ],
            [
              120.951480746588,
              14.4466937464219
            ],
            [
              120.9515577981567,
              14.44678369492731
            ],
            [
              120.9518384132284,
              14.44702527058834
            ],
            [
              120.9518353670157,
              14.44727259900441
            ],
            [
              120.9517061823697,
              14.44795739276671
            ],
            [
              120.9518931522773,
              14.44856266691299
            ],
            [
              120.952048383556,
              14.44871401059817
            ],
            [
              120.952295236396,
              14.44864423325971
            ],
            [
              120.95245519777,
              14.44865282878332
            ],
            [
              120.9524935076112,
              14.44863923820789
            ],
            [
              120.9525874163147,
              14.44870376607275
            ],
            [
              120.9525906670578,
              14.44876193988871
            ],
            [
              120.9525830259979,
              14.44879772756078
            ],
            [
              120.9520347546777,
              14.44986178078922
            ],
            [
              120.9519665361355,
              14.44987892710659
            ],
            [
              120.9518254300264,
              14.4498864395714
            ],
            [
              120.9507413336437,
              14.45052644810897
            ],
            [
              120.9507160413982,
              14.4509974547929
            ],
            [
              120.94988973112,
              14.4513277603359
            ],
            [
              120.9498359699377,
              14.45138176004365
            ],
            [
              120.9498325959339,
              14.45143904471173
            ],
            [
              120.9491176264129,
              14.45147979888013
            ],
            [
              120.9492318799458,
              14.45190402930301
            ],
            [
              120.9492461026487,
              14.45195683896061
            ],
            [
              120.9492217159416,
              14.45202016067436
            ],
            [
              120.9491648395663,
              14.45207160159341
            ],
            [
              120.9490632858692,
              14.45211511482878
            ],
            [
              120.9489060368695,
              14.45211872468284
            ],
            [
              120.9485880851846,
              14.45205562750004
            ],
            [
              120.9482184826931,
              14.45201595595395
            ],
            [
              120.9481169153701,
              14.45211092357332
            ],
            [
              120.9481574793838,
              14.45231279219957
            ],
            [
              120.9483645581764,
              14.45257011390208
            ],
            [
              120.9483442223257,
              14.45267697547287
            ],
            [
              120.9481573499658,
              14.45280754326317
            ],
            [
              120.9478283038976,
              14.45299348724047
            ],
            [
              120.9474749033463,
              14.4531200558079
            ],
            [
              120.9473896129887,
              14.45310024384598
            ],
            [
              120.9472718519915,
              14.45299334758035
            ],
            [
              120.9471703996343,
              14.45265293346557
            ],
            [
              120.9470688989459,
              14.45249854523497
            ],
            [
              120.9470079784334,
              14.45247874020323
            ],
            [
              120.9468373739558,
              14.45253015082028
            ],
            [
              120.946626119565,
              14.45270424924507
            ],
            [
              120.9464920115931,
              14.45297336003265
            ],
            [
              120.9463620118618,
              14.45306831871465
            ],
            [
              120.9463397776313,
              14.4531842822059
            ],
            [
              120.9463491645802,
              14.45328579323452
            ],
            [
              120.9464579384742,
              14.45329646741314
            ],
            [
              120.9465124186546,
              14.45393974797927
            ],
            [
              120.9464824980766,
              14.45443123209996
            ],
            [
              120.9465261179244,
              14.45455461577863
            ],
            [
              120.9463823658669,
              14.45547943035927
            ],
            [
              120.9462745423673,
              14.45551323327817
            ],
            [
              120.9462663441763,
              14.45592787377259
            ],
            [
              120.9462459861259,
              14.45603994847835
            ],
            [
              120.9460448537159,
              14.45613231545789
            ],
            [
              120.9458494812938,
              14.4561558164749
            ],
            [
              120.9453378411985,
              14.45637746291882
            ],
            [
              120.945174687288,
              14.45642452405645
            ],
            [
              120.9449551491979,
              14.45643231739338
            ],
            [
              120.944643024659,
              14.45621634388922
            ],
            [
              120.9444376644378,
              14.45593955613431
            ],
            [
              120.9442584435977,
              14.45582174994874
            ],
            [
              120.9440489922062,
              14.45577262842693
            ],
            [
              120.943850601033,
              14.4557853328604
            ],
            [
              120.9437148089548,
              14.45583937813189
            ],
            [
              120.9437449849192,
              14.45575596914338
            ],
            [
              120.9435516218659,
              14.45573259468289
            ],
            [
              120.9434076534526,
              14.4557029670057
            ],
            [
              120.9431050656,
              14.45564002879989
            ],
            [
              120.9431329939227,
              14.45548190389117
            ],
            [
              120.9424546326975,
              14.45532075669066
            ],
            [
              120.9424342495671,
              14.45531774662674
            ],
            [
              120.9423886984166,
              14.45531334522742
            ],
            [
              120.942330163727,
              14.45530768927499
            ],
            [
              120.9422692819403,
              14.45531004973794
            ],
            [
              120.9422082797107,
              14.45531734164102
            ],
            [
              120.9421838870756,
              14.45519140896057
            ],
            [
              120.9420951822807,
              14.4552033524184
            ],
            [
              120.9420289952541,
              14.45522751510525
            ],
            [
              120.9419498611499,
              14.45525716779603
            ],
            [
              120.9418718186902,
              14.45529554357531
            ],
            [
              120.9418399636431,
              14.4553123253265
            ],
            [
              120.9417526058069,
              14.45538410964127
            ],
            [
              120.9416256503747,
              14.45553700002718
            ],
            [
              120.94159411091,
              14.45555842740813
            ],
            [
              120.9415745603198,
              14.45556528698759
            ],
            [
              120.9415943167814,
              14.45546299118065
            ],
            [
              120.9413975230525,
              14.45543722876785
            ],
            [
              120.9411371524922,
              14.4554031458239
            ],
            [
              120.940988056303,
              14.45539565031284
            ],
            [
              120.940932280677,
              14.456388303619
            ],
            [
              120.9407573264593,
              14.45636378322037
            ],
            [
              120.9409832684076,
              14.45700296143149
            ],
            [
              120.9409379820921,
              14.45714607474149
            ],
            [
              120.9406233133927,
              14.45718780381193
            ],
            [
              120.940172801229,
              14.45719552779562
            ],
            [
              120.9399317840791,
              14.45705142621715
            ],
            [
              120.939410248825,
              14.45685591982679
            ],
            [
              120.9386816506056,
              14.45652404612947
            ],
            [
              120.9384927578441,
              14.45652394880976
            ],
            [
              120.9384760991205,
              14.45695001594537
            ],
            [
              120.9383226149915,
              14.45695945531026
            ],
            [
              120.9382865447666,
              14.45700572963515
            ],
            [
              120.9379874716545,
              14.45710087671601
            ],
            [
              120.9375466234935,
              14.45709090671011
            ],
            [
              120.9365483415402,
              14.45706832737918
            ],
            [
              120.9367131635825,
              14.4564400830513
            ],
            [
              120.9354556798892,
              14.45637709709261
            ],
            [
              120.9350759517749,
              14.4564406458133
            ],
            [
              120.9347368775615,
              14.45649739047615
            ],
            [
              120.934372140717,
              14.45640903407771
            ],
            [
              120.9339032625511,
              14.45568750418699
            ],
            [
              120.9341027863646,
              14.45551642897963
            ]
          ]
        ],
        "type": "Polygon"
      }
    },
    {
      "type": "Feature",
      "properties": {
        "name_kml": "Habay 2",
        "name_db": "HABAY II",
        "centroid_lat": 14.442843,
        "centroid_lng": 120.946916
      },
      "geometry": {
        "coordinates": [
          [
            [
              120.9432361753127,
              14.4473056777721
            ],
            [
              120.9431638478044,
              14.44718336200962
            ],
            [
              120.9431720214983,
              14.44689353859131
            ],
            [
              120.9436380980074,
              14.44673118653276
            ],
            [
              120.9437276747469,
              14.44677491585648
            ],
            [
              120.9449791028666,
              14.44647625697573
            ],
            [
              120.9449598152546,
              14.44577729838432
            ],
            [
              120.944836098519,
              14.4458218570801
            ],
            [
              120.9447937566678,
              14.44586353406732
            ],
            [
              120.9448124913362,
              14.4460229608511
            ],
            [
              120.9440918828751,
              14.44610793637823
            ],
            [
              120.9440531587032,
              14.44591945124573
            ],
            [
              120.9438318559384,
              14.44593604988767
            ],
            [
              120.9437385924641,
              14.44540569988879
            ],
            [
              120.9453144072521,
              14.44509169540646
            ],
            [
              120.945380299112,
              14.44525675841668
            ],
            [
              120.9459817787563,
              14.44502829505968
            ],
            [
              120.946077107477,
              14.44495805880723
            ],
            [
              120.9461070179614,
              14.44480761148175
            ],
            [
              120.9467448918354,
              14.44453170687431
            ],
            [
              120.946728966491,
              14.44428800613652
            ],
            [
              120.9467293618328,
              14.44404167867437
            ],
            [
              120.9466777438419,
              14.44391564708689
            ],
            [
              120.9468701947444,
              14.44321022512516
            ],
            [
              120.9467571987912,
              14.44310955264525
            ],
            [
              120.9457334729713,
              14.44315575028453
            ],
            [
              120.9455950136869,
              14.4438411126318
            ],
            [
              120.9450640808736,
              14.44409396911099
            ],
            [
              120.9449852862974,
              14.44405195244057
            ],
            [
              120.9450049460484,
              14.44373056807857
            ],
            [
              120.9446807975522,
              14.44370933081742
            ],
            [
              120.9444617779139,
              14.44373542014752
            ],
            [
              120.9442629900473,
              14.44364307986086
            ],
            [
              120.9440102770486,
              14.44358709745047
            ],
            [
              120.9437231179359,
              14.44350411965779
            ],
            [
              120.9434238376833,
              14.44336156126434
            ],
            [
              120.9431558373204,
              14.44372476016854
            ],
            [
              120.9432072018695,
              14.44380727808627
            ],
            [
              120.9431631115655,
              14.44392854491929
            ],
            [
              120.9431275998653,
              14.44393877396666
            ],
            [
              120.9430409741178,
              14.4439064854733
            ],
            [
              120.9429077974733,
              14.44388891494271
            ],
            [
              120.942796907744,
              14.44392175222936
            ],
            [
              120.9425305268361,
              14.44392151360496
            ],
            [
              120.9431034066117,
              14.44345245451759
            ],
            [
              120.9432049884035,
              14.44323133973822
            ],
            [
              120.9432587511214,
              14.44316733958812
            ],
            [
              120.943302387519,
              14.443083990865
            ],
            [
              120.9433215258455,
              14.44291420744855
            ],
            [
              120.9435515347121,
              14.44256509774253
            ],
            [
              120.9438338747918,
              14.44252405737007
            ],
            [
              120.9440180082854,
              14.44246994096351
            ],
            [
              120.9440784887071,
              14.44240776093714
            ],
            [
              120.9440768319351,
              14.44232592300543
            ],
            [
              120.9441121435623,
              14.44217698912025
            ],
            [
              120.9440584312803,
              14.44206240290949
            ],
            [
              120.943633672962,
              14.44148124745301
            ],
            [
              120.9435631825951,
              14.44130282367706
            ],
            [
              120.9435497721784,
              14.44121116234085
            ],
            [
              120.9447903999228,
              14.44117788269518
            ],
            [
              120.9450176029121,
              14.44119252389251
            ],
            [
              120.9450050927235,
              14.441375981467
            ],
            [
              120.9454813617834,
              14.44138224431596
            ],
            [
              120.9453982428575,
              14.44088462352099
            ],
            [
              120.9461631061623,
              14.4407037679137
            ],
            [
              120.9461479823812,
              14.44058231322308
            ],
            [
              120.9463950373365,
              14.44055703673713
            ],
            [
              120.9467049340002,
              14.44051920360614
            ],
            [
              120.9467859544092,
              14.44054461824398
            ],
            [
              120.9469549625853,
              14.44053052970073
            ],
            [
              120.9469318566997,
              14.44039753751051
            ],
            [
              120.9471254354596,
              14.440356755868
            ],
            [
              120.9471313660819,
              14.44024128698191
            ],
            [
              120.9467526968518,
              14.44019984483799
            ],
            [
              120.9466217425134,
              14.44018209620291
            ],
            [
              120.9465877066878,
              14.44017747883746
            ],
            [
              120.9465029490569,
              14.44013009497091
            ],
            [
              120.946434959693,
              14.43980821930971
            ],
            [
              120.9464258127642,
              14.43933017377915
            ],
            [
              120.9465783619206,
              14.4392774905841
            ],
            [
              120.9467993153216,
              14.43926517334439
            ],
            [
              120.9467235020494,
              14.43902578127898
            ],
            [
              120.9467126485627,
              14.43868765102414
            ],
            [
              120.9465781372963,
              14.43835868768146
            ],
            [
              120.9468801355393,
              14.43807223784461
            ],
            [
              120.9474856811303,
              14.43796448027466
            ],
            [
              120.9479229212386,
              14.43798555529243
            ],
            [
              120.9487201624762,
              14.43803391029356
            ],
            [
              120.9495194725338,
              14.43825303920521
            ],
            [
              120.9509791774675,
              14.44133957181139
            ],
            [
              120.9506349768536,
              14.44147501145937
            ],
            [
              120.9507167811416,
              14.44180361284747
            ],
            [
              120.9507456381384,
              14.4418459791724
            ],
            [
              120.9510782457066,
              14.4419090674187
            ],
            [
              120.9512587756976,
              14.44197583970728
            ],
            [
              120.9513158416824,
              14.44210168785674
            ],
            [
              120.9513115546168,
              14.44212157861223
            ],
            [
              120.9511354955789,
              14.44230633228047
            ],
            [
              120.9510801005555,
              14.44242109002418
            ],
            [
              120.9510622146169,
              14.44252020567287
            ],
            [
              120.9510943351366,
              14.44263150606445
            ],
            [
              120.9511389624482,
              14.44272889745712
            ],
            [
              120.9512723783272,
              14.44287773112283
            ],
            [
              120.9513661815395,
              14.44290005998035
            ],
            [
              120.9515780762737,
              14.44301465986682
            ],
            [
              120.9515945134312,
              14.44305072340022
            ],
            [
              120.9514990718775,
              14.44328183162321
            ],
            [
              120.9514784199012,
              14.44329986567171
            ],
            [
              120.9513673552361,
              14.44333371835564
            ],
            [
              120.9513464978672,
              14.44333673985158
            ],
            [
              120.9513262607088,
              14.44333642095771
            ],
            [
              120.9513044049674,
              14.4433314067943
            ],
            [
              120.9512617428535,
              14.44330897256015
            ],
            [
              120.9512299316276,
              14.44327378934613
            ],
            [
              120.9512156329418,
              14.44326902996416
            ],
            [
              120.9511906286078,
              14.44326705912635
            ],
            [
              120.9511727489021,
              14.4432698875584
            ],
            [
              120.9511581840551,
              14.44327999089241
            ],
            [
              120.9511432736424,
              14.44331471119176
            ],
            [
              120.951160395942,
              14.44353489119679
            ],
            [
              120.9513411619473,
              14.44399173827556
            ],
            [
              120.9520872804454,
              14.44411188737391
            ],
            [
              120.9524548125529,
              14.44491804963561
            ],
            [
              120.9524166405998,
              14.44502955846403
            ],
            [
              120.9521617839794,
              14.44528167883684
            ],
            [
              120.9521767956434,
              14.44544452278561
            ],
            [
              120.9432361753127,
              14.4473056777721
            ]
          ]
        ],
        "type": "Polygon"
      }
    },
    {
      "type": "Feature",
      "properties": {
        "name_kml": "Panapaan 3",
        "name_db": "P.F. ESPIRITU III",
        "centroid_lat": 14.451437,
        "centroid_lng": 120.952023
      },
      "geometry": {
        "coordinates": [
          [
            [
              120.9543853159988,
              14.45499768634498
            ],
            [
              120.9542330770743,
              14.45495093655355
            ],
            [
              120.954084382329,
              14.45490798178121
            ],
            [
              120.9541172975112,
              14.45480519434029
            ],
            [
              120.9540172569074,
              14.45477925163339
            ],
            [
              120.9540406417301,
              14.45472000372805
            ],
            [
              120.9541353114955,
              14.45441216291325
            ],
            [
              120.9542342173617,
              14.45395638945291
            ],
            [
              120.9542516517949,
              14.45375212451171
            ],
            [
              120.9541760847664,
              14.45375268382958
            ],
            [
              120.9541620234316,
              14.45360604214923
            ],
            [
              120.9539937927796,
              14.45350516785954
            ],
            [
              120.9534768071599,
              14.45350928682559
            ],
            [
              120.9534802649403,
              14.45358476798028
            ],
            [
              120.9534556978239,
              14.45369572426096
            ],
            [
              120.9534037462865,
              14.45369344735346
            ],
            [
              120.9533615100315,
              14.45372718904722
            ],
            [
              120.9532155125761,
              14.45379289415853
            ],
            [
              120.9531041480106,
              14.45374539368122
            ],
            [
              120.9530259480724,
              14.45362782497213
            ],
            [
              120.9528150126819,
              14.45352119856091
            ],
            [
              120.9526156680852,
              14.45346324919696
            ],
            [
              120.9524673180878,
              14.45341920706366
            ],
            [
              120.9525230237515,
              14.45312541986477
            ],
            [
              120.9525055427464,
              14.45311794921092
            ],
            [
              120.9525441682719,
              14.45303017428879
            ],
            [
              120.95228672181,
              14.4527768902267
            ],
            [
              120.9522807985029,
              14.45267081039914
            ],
            [
              120.9519311818697,
              14.45262919789526
            ],
            [
              120.9519288744789,
              14.45251059165419
            ],
            [
              120.9517814245006,
              14.4524872418455
            ],
            [
              120.9518071059443,
              14.45213785973147
            ],
            [
              120.951655771191,
              14.45212071923488
            ],
            [
              120.9516073288675,
              14.45218877080358
            ],
            [
              120.951383014356,
              14.45217554025333
            ],
            [
              120.9513914555134,
              14.4519434845207
            ],
            [
              120.9511456317417,
              14.45189847143344
            ],
            [
              120.9507676642931,
              14.451622972465
            ],
            [
              120.95030792642,
              14.45164949551496
            ],
            [
              120.9502881662553,
              14.45176156624178
            ],
            [
              120.9504922309498,
              14.45179636860832
            ],
            [
              120.9504345218906,
              14.45199219562021
            ],
            [
              120.9501209398861,
              14.45192776160784
            ],
            [
              120.9501047016015,
              14.45220767021486
            ],
            [
              120.9499417379196,
              14.4522008133495
            ],
            [
              120.9499189943887,
              14.45238695494392
            ],
            [
              120.9496849961709,
              14.45233501794826
            ],
            [
              120.9496485445768,
              14.45229217878772
            ],
            [
              120.9496140848311,
              14.45228044033982
            ],
            [
              120.9495865619194,
              14.45242726679118
            ],
            [
              120.9495715921873,
              14.45239794847417
            ],
            [
              120.9494170795842,
              14.4523597634344
            ],
            [
              120.9493989081052,
              14.45228204943224
            ],
            [
              120.9492056118231,
              14.45224998557859
            ],
            [
              120.9491568443474,
              14.45207502734825
            ],
            [
              120.9491648395663,
              14.45207160159341
            ],
            [
              120.9492217159416,
              14.45202016067436
            ],
            [
              120.9492461026487,
              14.45195683896061
            ],
            [
              120.9491176264129,
              14.45147979888013
            ],
            [
              120.9498325959339,
              14.45143904471173
            ],
            [
              120.9498359699377,
              14.45138176004365
            ],
            [
              120.94988973112,
              14.4513277603359
            ],
            [
              120.9507160413982,
              14.4509974547929
            ],
            [
              120.9507413336437,
              14.45052644810897
            ],
            [
              120.9518254012713,
              14.44988644950697
            ],
            [
              120.9519665036722,
              14.44987892981063
            ],
            [
              120.9520347921352,
              14.44986171237375
            ],
            [
              120.9525830259979,
              14.44879772756078
            ],
            [
              120.9525906670578,
              14.44876193988871
            ],
            [
              120.9525874163147,
              14.44870376607275
            ],
            [
              120.9524935076112,
              14.44863923820789
            ],
            [
              120.95245519777,
              14.44865282878332
            ],
            [
              120.952295236396,
              14.44864423325971
            ],
            [
              120.952048383556,
              14.44871401059817
            ],
            [
              120.9518931522773,
              14.44856266691299
            ],
            [
              120.9517061823697,
              14.44795739276671
            ],
            [
              120.9518353670157,
              14.44727259900441
            ],
            [
              120.9518384132284,
              14.44702527058834
            ],
            [
              120.9515577981567,
              14.44678369492731
            ],
            [
              120.951480746588,
              14.4466937464219
            ],
            [
              120.9514143363526,
              14.44658816120817
            ],
            [
              120.9516400887192,
              14.44622768180948
            ],
            [
              120.9521891636472,
              14.44562732975477
            ],
            [
              120.9521767956434,
              14.44544452278561
            ],
            [
              120.9525984583427,
              14.44536550132144
            ],
            [
              120.9527398003028,
              14.44539614389164
            ],
            [
              120.9528426896627,
              14.44545856687618
            ],
            [
              120.9529498244124,
              14.44554924276714
            ],
            [
              120.9532304251316,
              14.44611463832858
            ],
            [
              120.9557199801853,
              14.45132001594221
            ],
            [
              120.955485421366,
              14.45245537723236
            ],
            [
              120.9553099801943,
              14.45372501594368
            ],
            [
              120.9551899801869,
              14.45411001594256
            ],
            [
              120.9546708404358,
              14.4551377101959
            ],
            [
              120.9543853159988,
              14.45499768634498
            ]
          ]
        ],
        "type": "Polygon"
      }
    },
    {
      "type": "Feature",
      "properties": {
        "name_kml": "Panapaan 1",
        "name_db": "P.F. ESPIRITU I (PANAPAAN)",
        "centroid_lat": 14.448433,
        "centroid_lng": 120.956963
      },
      "geometry": {
        "coordinates": [
          [
            [
              120.9538444140727,
              14.44592756384948
            ],
            [
              120.9540598601141,
              14.44632277223897
            ],
            [
              120.9543718290625,
              14.44623158737555
            ],
            [
              120.9545877558242,
              14.44627078614762
            ],
            [
              120.9545889463806,
              14.44641772683148
            ],
            [
              120.9546208928359,
              14.44652665858558
            ],
            [
              120.9547070431093,
              14.44652740657976
            ],
            [
              120.954766353923,
              14.44623664372689
            ],
            [
              120.9559186758213,
              14.44663031729707
            ],
            [
              120.9564936730227,
              14.44678426783487
            ],
            [
              120.9567464004882,
              14.44634772320638
            ],
            [
              120.9572414372332,
              14.44622412637258
            ],
            [
              120.9576626607868,
              14.44590841720641
            ],
            [
              120.9582803826406,
              14.4462022780515
            ],
            [
              120.9585522429363,
              14.44580201210799
            ],
            [
              120.9601746421991,
              14.44655533780306
            ],
            [
              120.9599347293183,
              14.44677191750007
            ],
            [
              120.9598748213416,
              14.44672650894832
            ],
            [
              120.9595288964749,
              14.44732001421621
            ],
            [
              120.9590519205365,
              14.44827867335376
            ],
            [
              120.9592136331878,
              14.44843289018958
            ],
            [
              120.9590486483281,
              14.44856732217229
            ],
            [
              120.9583459673553,
              14.4495466517305
            ],
            [
              120.9581993301865,
              14.44992077982244
            ],
            [
              120.957932795592,
              14.45032539795188
            ],
            [
              120.9578045179581,
              14.45058816270496
            ],
            [
              120.9575881889989,
              14.45078989993788
            ],
            [
              120.9572957094638,
              14.45130769903304
            ],
            [
              120.9579267997016,
              14.45192250626077
            ],
            [
              120.9576975205489,
              14.45226910689196
            ],
            [
              120.9573745591001,
              14.45333149086987
            ],
            [
              120.9572074498932,
              14.45351057825328
            ],
            [
              120.9571133196289,
              14.45397274407593
            ],
            [
              120.9570634280404,
              14.45414995297085
            ],
            [
              120.9557199801853,
              14.45132001594221
            ],
            [
              120.9532304251316,
              14.44611463832858
            ],
            [
              120.9538444140727,
              14.44592756384948
            ]
          ]
        ],
        "type": "Polygon"
      }
    },
    {
      "type": "Feature",
      "properties": {
        "name_kml": "Panapaan 5",
        "name_db": "P.F. ESPIRITU V",
        "centroid_lat": 14.437664,
        "centroid_lng": 120.951569
      },
      "geometry": {
        "coordinates": [
          [
            [
              120.9495194725338,
              14.43825303920521
            ],
            [
              120.9485494318015,
              14.43618782821803
            ],
            [
              120.9484160063699,
              14.43589875625186
            ],
            [
              120.9500059277897,
              14.43521634836363
            ],
            [
              120.9500240954421,
              14.43522105884039
            ],
            [
              120.9500014233768,
              14.43528890326635
            ],
            [
              120.9499157389685,
              14.43541163807363
            ],
            [
              120.9498989284968,
              14.43547219330462
            ],
            [
              120.9499089695253,
              14.43559454514256
            ],
            [
              120.94991377541,
              14.4357222317054
            ],
            [
              120.9500449926923,
              14.43586374240528
            ],
            [
              120.9501873579362,
              14.43591293269133
            ],
            [
              120.9504734944687,
              14.43597960090599
            ],
            [
              120.9507056116631,
              14.43601752502792
            ],
            [
              120.9514392578279,
              14.43605698762695
            ],
            [
              120.9521422383825,
              14.43598747283271
            ],
            [
              120.9522630969927,
              14.43603885873852
            ],
            [
              120.9531757420792,
              14.43599666496116
            ],
            [
              120.9532373945032,
              14.43650194801656
            ],
            [
              120.9532828165496,
              14.43674876708254
            ],
            [
              120.9534968122819,
              14.43676249098048
            ],
            [
              120.953515719425,
              14.43681990021613
            ],
            [
              120.9535063970034,
              14.4369789569639
            ],
            [
              120.9534214239236,
              14.43701303923075
            ],
            [
              120.9532559091847,
              14.43773659490752
            ],
            [
              120.9532572470052,
              14.43781879940617
            ],
            [
              120.9557318154488,
              14.43811789476969
            ],
            [
              120.9558117316486,
              14.43913310080564
            ],
            [
              120.9544994562007,
              14.43902704112157
            ],
            [
              120.9529147801548,
              14.43874655081954
            ],
            [
              120.9527825915897,
              14.43950383046438
            ],
            [
              120.9509031770313,
              14.43957668317152
            ],
            [
              120.9512414877591,
              14.43970301818593
            ],
            [
              120.9513383188671,
              14.4397946344065
            ],
            [
              120.9513450122206,
              14.4398928402753
            ],
            [
              120.9512106335198,
              14.43996482506175
            ],
            [
              120.9510695117846,
              14.44013501337979
            ],
            [
              120.9510402970734,
              14.440547465061
            ],
            [
              120.951282068156,
              14.44087050557849
            ],
            [
              120.9511498617233,
              14.44120873388894
            ],
            [
              120.951098284625,
              14.44123767973801
            ],
            [
              120.9509791774675,
              14.44133957181139
            ],
            [
              120.9495194725338,
              14.43825303920521
            ]
          ]
        ],
        "type": "Polygon"
      }
    },
    {
      "type": "Feature",
      "properties": {
        "name_kml": "Ligas 2",
        "name_db": "LIGAS II",
        "centroid_lat": 14.44245,
        "centroid_lng": 120.969252
      },
      "geometry": {
        "coordinates": [
          [
            [
              120.9728196388958,
              14.44217129579971
            ],
            [
              120.9726699407007,
              14.44239815228423
            ],
            [
              120.9721321542123,
              14.44307870996472
            ],
            [
              120.9720711506361,
              14.44326236361217
            ],
            [
              120.972093247091,
              14.44375933919442
            ],
            [
              120.9719435026708,
              14.44427249448392
            ],
            [
              120.9707475862038,
              14.44587612825553
            ],
            [
              120.9702583043122,
              14.44638528604558
            ],
            [
              120.9690219418012,
              14.44560591101607
            ],
            [
              120.9689270924881,
              14.44558218444548
            ],
            [
              120.968794101921,
              14.44567457013066
            ],
            [
              120.9687078622941,
              14.44583782902674
            ],
            [
              120.9684199869574,
              14.44563310107164
            ],
            [
              120.9679511020826,
              14.44617181659319
            ],
            [
              120.9672598594485,
              14.44571623330921
            ],
            [
              120.9670513482018,
              14.44562541914198
            ],
            [
              120.9667931414347,
              14.44554472664917
            ],
            [
              120.9658628482882,
              14.44505508987829
            ],
            [
              120.966218163269,
              14.44426431616657
            ],
            [
              120.9662390839155,
              14.44400571600085
            ],
            [
              120.9661262236465,
              14.4429695533857
            ],
            [
              120.9661456944967,
              14.44272192921338
            ],
            [
              120.9661934704788,
              14.44246652148649
            ],
            [
              120.9672651886334,
              14.43988754409984
            ],
            [
              120.9678450613074,
              14.44009702535127
            ],
            [
              120.9679407703542,
              14.44016578239824
            ],
            [
              120.9680418914934,
              14.44013623746179
            ],
            [
              120.9681203416971,
              14.43983704764946
            ],
            [
              120.968307132085,
              14.43970739477471
            ],
            [
              120.9684334953406,
              14.43970741530668
            ],
            [
              120.9685020681625,
              14.43985520108514
            ],
            [
              120.968545388621,
              14.43987983690524
            ],
            [
              120.9686500792144,
              14.43985653501203
            ],
            [
              120.9696637583491,
              14.44037723888033
            ],
            [
              120.9697783709104,
              14.44007941357259
            ],
            [
              120.9699430910426,
              14.44012787351365
            ],
            [
              120.9699985282606,
              14.44003279970279
            ],
            [
              120.9703096498533,
              14.44012643719623
            ],
            [
              120.9702220805672,
              14.44034751895393
            ],
            [
              120.9705414640179,
              14.44046180208737
            ],
            [
              120.9704553598533,
              14.44068520069894
            ],
            [
              120.9707861235584,
              14.44084817253792
            ],
            [
              120.9707410167922,
              14.44097108464765
            ],
            [
              120.9713298347684,
              14.4413691988391
            ],
            [
              120.9729063726221,
              14.44188229193607
            ],
            [
              120.9728196388958,
              14.44217129579971
            ]
          ]
        ],
        "type": "Polygon"
      }
    },
    {
      "type": "Feature",
      "properties": {
        "name_kml": "Panapaan 6",
        "name_db": "P.F. ESPIRITU VI",
        "centroid_lat": 14.438184,
        "centroid_lng": 120.959038
      },
      "geometry": {
        "coordinates": [
          [
            [
              120.9576987093839,
              14.43223150572241
            ],
            [
              120.957651023494,
              14.43247760507699
            ],
            [
              120.9577238850184,
              14.43249672835963
            ],
            [
              120.9577043380989,
              14.43274423180377
            ],
            [
              120.9590440571086,
              14.43283968719856
            ],
            [
              120.9590407310153,
              14.43288475395324
            ],
            [
              120.959582404509,
              14.43297268646635
            ],
            [
              120.9596268065552,
              14.43310899396876
            ],
            [
              120.9597035376396,
              14.43354421333606
            ],
            [
              120.9598861265383,
              14.43351125574513
            ],
            [
              120.9606095964075,
              14.43358183376492
            ],
            [
              120.9606120876044,
              14.43309431935168
            ],
            [
              120.9605705508754,
              14.43293481726678
            ],
            [
              120.9621476526094,
              14.4327259095429
            ],
            [
              120.9626492874561,
              14.43268304405594
            ],
            [
              120.9631005683044,
              14.43269569219412
            ],
            [
              120.9635791292322,
              14.43277366657783
            ],
            [
              120.9637761206704,
              14.43281790609747
            ],
            [
              120.9639654878768,
              14.43287659172771
            ],
            [
              120.9642795922357,
              14.43295634771748
            ],
            [
              120.9642228681579,
              14.43345555628381
            ],
            [
              120.964319765627,
              14.43438911800006
            ],
            [
              120.9639420485011,
              14.43437299217802
            ],
            [
              120.963724922496,
              14.43542624891229
            ],
            [
              120.9639099724888,
              14.43547780069233
            ],
            [
              120.9637340789353,
              14.43644391913134
            ],
            [
              120.9632769984936,
              14.43638323038615
            ],
            [
              120.9632651989107,
              14.43763468586524
            ],
            [
              120.9635223126003,
              14.43774120574743
            ],
            [
              120.9646491116568,
              14.43796421087572
            ],
            [
              120.9639032555242,
              14.44010873974061
            ],
            [
              120.9623407340128,
              14.43966112898675
            ],
            [
              120.9622666880278,
              14.43986250565225
            ],
            [
              120.9604435862988,
              14.43947319551476
            ],
            [
              120.9602931578319,
              14.44017562910669
            ],
            [
              120.9595351407222,
              14.43994613657559
            ],
            [
              120.9592683755556,
              14.44071402478717
            ],
            [
              120.9593461615744,
              14.44073940946977
            ],
            [
              120.9591562663734,
              14.44130650713919
            ],
            [
              120.9596430704052,
              14.44132958677204
            ],
            [
              120.9596357202152,
              14.44141779581371
            ],
            [
              120.9600383628026,
              14.44157998539144
            ],
            [
              120.9602445275493,
              14.44169250386373
            ],
            [
              120.9604383465348,
              14.44167215037084
            ],
            [
              120.9614487044413,
              14.44189490675175
            ],
            [
              120.9610269090938,
              14.44305522986953
            ],
            [
              120.9604310985251,
              14.44280265789584
            ],
            [
              120.9599214648704,
              14.44397850984281
            ],
            [
              120.9595822107601,
              14.44386924993265
            ],
            [
              120.9594109179478,
              14.44392937310281
            ],
            [
              120.9592973939571,
              14.4440123332305
            ],
            [
              120.959263284241,
              14.44407205824099
            ],
            [
              120.9589630285069,
              14.44413807964981
            ],
            [
              120.9588881301946,
              14.44382735591563
            ],
            [
              120.958744017892,
              14.44377184968626
            ],
            [
              120.9584501404344,
              14.44378180095931
            ],
            [
              120.9583646750636,
              14.4426982635864
            ],
            [
              120.9573133431605,
              14.44244786309566
            ],
            [
              120.9573625014841,
              14.44218134110722
            ],
            [
              120.955980158325,
              14.44200319969616
            ],
            [
              120.9565317773922,
              14.4402781282338
            ],
            [
              120.9562489158964,
              14.44020838254118
            ],
            [
              120.9549823076147,
              14.44029489245257
            ],
            [
              120.954339909876,
              14.44003813445259
            ],
            [
              120.9544994562007,
              14.43902704112157
            ],
            [
              120.9558117316486,
              14.43913310080564
            ],
            [
              120.9557318154488,
              14.43811789476969
            ],
            [
              120.9532572470052,
              14.43781879940617
            ],
            [
              120.9532559091847,
              14.43773659490752
            ],
            [
              120.9534214239236,
              14.43701303923075
            ],
            [
              120.9535063970034,
              14.4369789569639
            ],
            [
              120.953515719425,
              14.43681990021613
            ],
            [
              120.9552237806106,
              14.43689177931504
            ],
            [
              120.9555508969133,
              14.43698601576149
            ],
            [
              120.9555651395103,
              14.43685987388463
            ],
            [
              120.9565524855247,
              14.43681288970991
            ],
            [
              120.9565801665006,
              14.43688529166646
            ],
            [
              120.9571693352295,
              14.43685960508524
            ],
            [
              120.9572483570014,
              14.43700988737497
            ],
            [
              120.9578169499468,
              14.43697379854005
            ],
            [
              120.9578509461532,
              14.43620104905925
            ],
            [
              120.9589829510096,
              14.43616392162852
            ],
            [
              120.9589830523465,
              14.43609415643733
            ],
            [
              120.958733528254,
              14.43566979243947
            ],
            [
              120.9578681449491,
              14.43576974247456
            ],
            [
              120.957839827625,
              14.43570265353232
            ],
            [
              120.9577165567758,
              14.43571236921758
            ],
            [
              120.9577132147362,
              14.43554742159098
            ],
            [
              120.9571865335703,
              14.43557070574187
            ],
            [
              120.9571645834519,
              14.43537878043194
            ],
            [
              120.95730612505,
              14.43381455303709
            ],
            [
              120.9570593600719,
              14.43381665981157
            ],
            [
              120.9568385911541,
              14.43426750805518
            ],
            [
              120.9556054972899,
              14.43424769019787
            ],
            [
              120.9555622789931,
              14.433623855613
            ],
            [
              120.9554887986323,
              14.43359279808993
            ],
            [
              120.9554985389311,
              14.43318946566127
            ],
            [
              120.9554525447125,
              14.4323249342622
            ],
            [
              120.9576987093839,
              14.43223150572241
            ]
          ]
        ],
        "type": "Polygon"
      }
    },
    {
      "type": "Feature",
      "properties": {
        "name_kml": "San Nicolas 1",
        "name_db": "SAN NICOLAS I",
        "centroid_lat": 14.437011,
        "centroid_lng": 120.971459
      },
      "geometry": {
        "coordinates": [
          [
            [
              120.9697551716079,
              14.43412393989958
            ],
            [
              120.9697523206324,
              14.43413180773552
            ],
            [
              120.9695194126517,
              14.43439301616021
            ],
            [
              120.9694077137098,
              14.43457164089206
            ],
            [
              120.9695048872935,
              14.43461510439034
            ],
            [
              120.9700550928328,
              14.43482477632447
            ],
            [
              120.9701249128493,
              14.43487473533332
            ],
            [
              120.9704147814209,
              14.43492264942282
            ],
            [
              120.9705702391817,
              14.43495410893917
            ],
            [
              120.9711010249807,
              14.43512839994224
            ],
            [
              120.971538512959,
              14.43525786332677
            ],
            [
              120.971446410354,
              14.43575207818893
            ],
            [
              120.9712697407519,
              14.43571166350193
            ],
            [
              120.9712306505291,
              14.43587679245956
            ],
            [
              120.9710690359748,
              14.43581402694353
            ],
            [
              120.9710031608604,
              14.43603744697741
            ],
            [
              120.9714383785805,
              14.43615926910855
            ],
            [
              120.9723973234126,
              14.4364908270921
            ],
            [
              120.9727915674625,
              14.43662834051579
            ],
            [
              120.9728361386143,
              14.43650144917179
            ],
            [
              120.9728921485105,
              14.4363770486408
            ],
            [
              120.9730085297977,
              14.43603645657321
            ],
            [
              120.9729295171783,
              14.43599650535955
            ],
            [
              120.9730692343835,
              14.43536712788897
            ],
            [
              120.9729958453761,
              14.43532529840725
            ],
            [
              120.9730781037115,
              14.43519913455357
            ],
            [
              120.9734046336429,
              14.43527668720339
            ],
            [
              120.9735370983063,
              14.43533053151912
            ],
            [
              120.9738260052586,
              14.43539916820989
            ],
            [
              120.9741263910499,
              14.43541273858899
            ],
            [
              120.974179665537,
              14.43524573019899
            ],
            [
              120.9741888934242,
              14.43511921151598
            ],
            [
              120.9746356055424,
              14.43508121361224
            ],
            [
              120.9747293312795,
              14.43508112329069
            ],
            [
              120.9749139490799,
              14.43507672934144
            ],
            [
              120.9750855073251,
              14.43507373355151
            ],
            [
              120.9751883384495,
              14.43508912897049
            ],
            [
              120.975166800333,
              14.43524736545484
            ],
            [
              120.9761997882114,
              14.4352615126015
            ],
            [
              120.9762000152537,
              14.43513335762263
            ],
            [
              120.9762367902929,
              14.43513757879408
            ],
            [
              120.9762710944702,
              14.43519174354321
            ],
            [
              120.9766085599405,
              14.43524560380266
            ],
            [
              120.977179034486,
              14.43516983017257
            ],
            [
              120.9773106823936,
              14.435277181587
            ],
            [
              120.9771269317048,
              14.43537482873301
            ],
            [
              120.9769592204485,
              14.43546517307098
            ],
            [
              120.9769454171974,
              14.43562634462721
            ],
            [
              120.9769522867376,
              14.4357875187873
            ],
            [
              120.9771107632201,
              14.43590170312661
            ],
            [
              120.9774621968144,
              14.43593532469865
            ],
            [
              120.9776689138156,
              14.43602936797246
            ],
            [
              120.9779232010969,
              14.43650062479215
            ],
            [
              120.9777204328569,
              14.436824099057
            ],
            [
              120.9774099949283,
              14.43706714477544
            ],
            [
              120.9771383665589,
              14.43723997086731
            ],
            [
              120.9767392612208,
              14.43732094914624
            ],
            [
              120.9764066693151,
              14.43741273802781
            ],
            [
              120.9763013282304,
              14.43759638807278
            ],
            [
              120.9758633783695,
              14.43797986432314
            ],
            [
              120.9753755431387,
              14.43834712722579
            ],
            [
              120.9752923779067,
              14.43849296657794
            ],
            [
              120.9751426900055,
              14.43868201154378
            ],
            [
              120.9749652980233,
              14.43879002498637
            ],
            [
              120.9741892424472,
              14.43901679833088
            ],
            [
              120.9739841321783,
              14.43914641447545
            ],
            [
              120.9738288921608,
              14.43938407462273
            ],
            [
              120.9736847124469,
              14.43979999840139
            ],
            [
              120.9735682723003,
              14.44004306605727
            ],
            [
              120.9732522512938,
              14.44049137714909
            ],
            [
              120.9730360278315,
              14.44078304715016
            ],
            [
              120.9729694880632,
              14.44093969165217
            ],
            [
              120.972974991587,
              14.4411989822922
            ],
            [
              120.973008202738,
              14.44151769730527
            ],
            [
              120.9729063725426,
              14.44188229220066
            ],
            [
              120.9713298347684,
              14.4413691988391
            ],
            [
              120.9707410167922,
              14.44097108464765
            ],
            [
              120.9707861235584,
              14.44084817253792
            ],
            [
              120.9704553598533,
              14.44068520069894
            ],
            [
              120.9705414640179,
              14.44046180208737
            ],
            [
              120.9702220805672,
              14.44034751895393
            ],
            [
              120.9703096498533,
              14.44012643719623
            ],
            [
              120.9699985282606,
              14.44003279970279
            ],
            [
              120.9699430910426,
              14.44012787351365
            ],
            [
              120.9697783885397,
              14.44007936838318
            ],
            [
              120.9696637583491,
              14.44037723888033
            ],
            [
              120.9686500792143,
              14.43985653501203
            ],
            [
              120.968545388621,
              14.43987983690524
            ],
            [
              120.9685020681625,
              14.43985520108514
            ],
            [
              120.9684334953406,
              14.43970741530668
            ],
            [
              120.968307132085,
              14.43970739477471
            ],
            [
              120.9681203416971,
              14.43983704764946
            ],
            [
              120.9680418914934,
              14.44013623746179
            ],
            [
              120.9679407703542,
              14.44016578239829
            ],
            [
              120.9678450613074,
              14.44009702535127
            ],
            [
              120.9672651886334,
              14.43988754409984
            ],
            [
              120.9676802989625,
              14.43878755556798
            ],
            [
              120.9675257403163,
              14.43868166963468
            ],
            [
              120.9675257409992,
              14.43863002496274
            ],
            [
              120.9674600084245,
              14.43859715844959
            ],
            [
              120.967334807316,
              14.43856301165999
            ],
            [
              120.9673050642879,
              14.43855489966844
            ],
            [
              120.9672330544108,
              14.43856067132227
            ],
            [
              120.9667982236401,
              14.43849216914246
            ],
            [
              120.9668666240252,
              14.43839665175059
            ],
            [
              120.9669563138655,
              14.43819296150036
            ],
            [
              120.9669949350206,
              14.43812514363963
            ],
            [
              120.9675098734652,
              14.43755151640928
            ],
            [
              120.9675909084475,
              14.43737358036993
            ],
            [
              120.9676362371852,
              14.43716950467735
            ],
            [
              120.967641530875,
              14.4370377216451
            ],
            [
              120.9675756502266,
              14.4368409441295
            ],
            [
              120.9675989273499,
              14.43667658325039
            ],
            [
              120.9676177525138,
              14.4366354497665
            ],
            [
              120.9677840499036,
              14.43642232672284
            ],
            [
              120.967820837571,
              14.43638316913779
            ],
            [
              120.9678455980788,
              14.43635996534102
            ],
            [
              120.9679130743493,
              14.43631384158769
            ],
            [
              120.9679463980748,
              14.43631124309199
            ],
            [
              120.9682670673077,
              14.4363886265402
            ],
            [
              120.9683361739456,
              14.4363967443545
            ],
            [
              120.9683305053233,
              14.43633074555443
            ],
            [
              120.9682677229965,
              14.43611455073119
            ],
            [
              120.9681990419504,
              14.4359538359312
            ],
            [
              120.9669128106289,
              14.43356055899665
            ],
            [
              120.9670309026383,
              14.43350494839892
            ],
            [
              120.9670540310903,
              14.43338963093674
            ],
            [
              120.9679000490283,
              14.43358316145991
            ],
            [
              120.9678341064126,
              14.43383914068009
            ],
            [
              120.9683158256076,
              14.43401474586836
            ],
            [
              120.9686998537451,
              14.4340961936753
            ],
            [
              120.9692586641521,
              14.4341656421177
            ],
            [
              120.9692735947969,
              14.43409481391571
            ],
            [
              120.9695212006943,
              14.43414183301597
            ],
            [
              120.9697273151633,
              14.43411939586044
            ],
            [
              120.9697551716079,
              14.43412393989958
            ]
          ]
        ],
        "type": "Polygon"
      }
    },
    {
      "type": "Feature",
      "properties": {
        "name_kml": "San Nicolas 2",
        "name_db": "SAN NICOLAS II",
        "centroid_lat": 14.432409,
        "centroid_lng": 120.976175
      },
      "geometry": {
        "coordinates": [
          [
            [
              120.9839582106325,
              14.43142872477334
            ],
            [
              120.9839568201942,
              14.4314499215372
            ],
            [
              120.9840510283546,
              14.43164439792604
            ],
            [
              120.9842561063146,
              14.43172004389608
            ],
            [
              120.9845276856468,
              14.43191993915803
            ],
            [
              120.9845830990858,
              14.43207659848941
            ],
            [
              120.9845720033569,
              14.43217923247916
            ],
            [
              120.9845165621102,
              14.43230347048772
            ],
            [
              120.984122978858,
              14.43270857371988
            ],
            [
              120.9840952556016,
              14.43279500108399
            ],
            [
              120.9841451218645,
              14.43298947316375
            ],
            [
              120.9841728131043,
              14.43322175630231
            ],
            [
              120.9841339948994,
              14.4334000139882
            ],
            [
              120.984023121469,
              14.43355665747738
            ],
            [
              120.983834650492,
              14.43368088249382
            ],
            [
              120.9835186997883,
              14.4337348707735
            ],
            [
              120.983019844579,
              14.43368620443318
            ],
            [
              120.9828923584421,
              14.43368078933861
            ],
            [
              120.9824544442168,
              14.43391842751503
            ],
            [
              120.9823435711164,
              14.43405886429767
            ],
            [
              120.9822992132845,
              14.43418850517786
            ],
            [
              120.9821994262551,
              14.43432354076434
            ],
            [
              120.9821495400899,
              14.43432353558096
            ],
            [
              120.9819832713581,
              14.43416146275936
            ],
            [
              120.9818613291597,
              14.43413984268315
            ],
            [
              120.9817837277155,
              14.43414523587125
            ],
            [
              120.9817726348051,
              14.43421005743025
            ],
            [
              120.9817282793456,
              14.43432349138915
            ],
            [
              120.9816007916683,
              14.43432888013756
            ],
            [
              120.9815342867797,
              14.43423704168444
            ],
            [
              120.9814567014285,
              14.43410738793914
            ],
            [
              120.9814012817512,
              14.43402095199921
            ],
            [
              120.9813181397876,
              14.43401013943537
            ],
            [
              120.9811684618149,
              14.43418298330458
            ],
            [
              120.9811074677756,
              14.4343774439837
            ],
            [
              120.9809633317923,
              14.43455028831771
            ],
            [
              120.980791492336,
              14.43463129724927
            ],
            [
              120.9805476029386,
              14.43463667262178
            ],
            [
              120.9803646749967,
              14.43473928728686
            ],
            [
              120.9799600158332,
              14.43495531723955
            ],
            [
              120.9795664615335,
              14.43501469277704
            ],
            [
              120.9793170273021,
              14.43503627124201
            ],
            [
              120.9790952916272,
              14.43518209586267
            ],
            [
              120.9786684055427,
              14.43582486778348
            ],
            [
              120.9783524289591,
              14.43605711047248
            ],
            [
              120.9780419890892,
              14.43632176521572
            ],
            [
              120.9779232010969,
              14.43650062479215
            ],
            [
              120.9776689138156,
              14.43602936797246
            ],
            [
              120.9774621968144,
              14.43593532469865
            ],
            [
              120.9771107632201,
              14.43590170312661
            ],
            [
              120.9769522867376,
              14.4357875187873
            ],
            [
              120.9769454171974,
              14.43562634462721
            ],
            [
              120.9769592204485,
              14.43546517307098
            ],
            [
              120.9773106823936,
              14.435277181587
            ],
            [
              120.977179034486,
              14.43516983017257
            ],
            [
              120.9766085599405,
              14.43524560380266
            ],
            [
              120.9762710944702,
              14.43519174354321
            ],
            [
              120.9762367902929,
              14.43513757879408
            ],
            [
              120.9762000152537,
              14.43513335762263
            ],
            [
              120.9761997882114,
              14.4352615126015
            ],
            [
              120.975166800333,
              14.43524736545484
            ],
            [
              120.9751883384495,
              14.43508912897049
            ],
            [
              120.9750855073251,
              14.43507373355151
            ],
            [
              120.9749139490799,
              14.43507672934144
            ],
            [
              120.9747293312795,
              14.43508112329069
            ],
            [
              120.9746356055424,
              14.43508121361224
            ],
            [
              120.9741888934242,
              14.43511921151598
            ],
            [
              120.974179665537,
              14.43524573019899
            ],
            [
              120.9741263910499,
              14.43541273858899
            ],
            [
              120.9738260052586,
              14.43539916820989
            ],
            [
              120.9735370983063,
              14.43533053151912
            ],
            [
              120.9734046336429,
              14.43527668720339
            ],
            [
              120.9730781037115,
              14.43519913455357
            ],
            [
              120.9729958453761,
              14.43532529840725
            ],
            [
              120.9730692343835,
              14.43536712788897
            ],
            [
              120.9729295171783,
              14.43599650535955
            ],
            [
              120.9730085297977,
              14.43603645657321
            ],
            [
              120.9728921485105,
              14.4363770486408
            ],
            [
              120.9728361386143,
              14.43650144917179
            ],
            [
              120.9727915674625,
              14.43662834051579
            ],
            [
              120.9723973234126,
              14.4364908270921
            ],
            [
              120.9714383785805,
              14.43615926910855
            ],
            [
              120.9710031608604,
              14.43603744697741
            ],
            [
              120.9710690359748,
              14.43581402694353
            ],
            [
              120.9712306505291,
              14.43587679245956
            ],
            [
              120.9712697407519,
              14.43571166350193
            ],
            [
              120.971446410354,
              14.43575207818893
            ],
            [
              120.971538512959,
              14.43525786332677
            ],
            [
              120.9711010249807,
              14.43512839994224
            ],
            [
              120.9705702391817,
              14.43495410893917
            ],
            [
              120.9704147814209,
              14.43492264942282
            ],
            [
              120.9701249128493,
              14.43487473533332
            ],
            [
              120.9700550928328,
              14.43482477632447
            ],
            [
              120.9695048872935,
              14.43461510439034
            ],
            [
              120.9694077137098,
              14.43457164089206
            ],
            [
              120.9695194126517,
              14.43439301616021
            ],
            [
              120.9697523206324,
              14.43413180773552
            ],
            [
              120.9697551716079,
              14.43412393989958
            ],
            [
              120.9697685749341,
              14.43408695073765
            ],
            [
              120.9696115595148,
              14.43388901338618
            ],
            [
              120.9695953349037,
              14.43375443039762
            ],
            [
              120.9696468010136,
              14.43363832988782
            ],
            [
              120.9696278836108,
              14.43341666480057
            ],
            [
              120.9696847658049,
              14.43329528668557
            ],
            [
              120.9697281200952,
              14.43310793672847
            ],
            [
              120.9697850025909,
              14.43298392026752
            ],
            [
              120.9697092100594,
              14.43284141118803
            ],
            [
              120.9696415536797,
              14.43262237766455
            ],
            [
              120.9697200842462,
              14.4325828070723
            ],
            [
              120.9697688240872,
              14.43257489794179
            ],
            [
              120.9698906678846,
              14.43259602804506
            ],
            [
              120.9700152296844,
              14.43255118698895
            ],
            [
              120.9702914069215,
              14.43260664529266
            ],
            [
              120.9703482739987,
              14.43257498791083
            ],
            [
              120.9703509928057,
              14.43250901771412
            ],
            [
              120.9702968612127,
              14.43236651215269
            ],
            [
              120.9703049961723,
              14.43229526524991
            ],
            [
              120.9703212484455,
              14.43225568484324
            ],
            [
              120.970443101086,
              14.43222139912749
            ],
            [
              120.9705533201103,
              14.43191595134754
            ],
            [
              120.9703483938286,
              14.43183611502651
            ],
            [
              120.9702861322437,
              14.43174110697652
            ],
            [
              120.9703240516206,
              14.43166986466299
            ],
            [
              120.9704486170864,
              14.43159863476422
            ],
            [
              120.9704486239146,
              14.43155641353171
            ],
            [
              120.9704215594742,
              14.4314772444467
            ],
            [
              120.9704161634325,
              14.43135849577496
            ],
            [
              120.9704540835564,
              14.43128197589677
            ],
            [
              120.9704270384359,
              14.43108933651009
            ],
            [
              120.9703404168461,
              14.43093363164077
            ],
            [
              120.9702532653159,
              14.43085515374658
            ],
            [
              120.9702989063701,
              14.43069216257714
            ],
            [
              120.9702830882971,
              14.43062294109783
            ],
            [
              120.9702533077914,
              14.43059390956993
            ],
            [
              120.9701802010654,
              14.43059125904637
            ],
            [
              120.9701043897029,
              14.43056749791427
            ],
            [
              120.9700367047023,
              14.43052526617253
            ],
            [
              120.9700042235651,
              14.43045665127512
            ],
            [
              120.9700069387433,
              14.43041047207758
            ],
            [
              120.9700096539204,
              14.43036429287983
            ],
            [
              120.9700313257209,
              14.43030360316202
            ],
            [
              120.9700584092276,
              14.43025874690743
            ],
            [
              120.9701098652458,
              14.43019806180389
            ],
            [
              120.9701531949148,
              14.43015584727889
            ],
            [
              120.9702588058943,
              14.43008989297979
            ],
            [
              120.9703481564354,
              14.43010310016114
            ],
            [
              120.9705941730559,
              14.43011635301907
            ],
            [
              120.9706181549716,
              14.43015309430708
            ],
            [
              120.9707396731488,
              14.43014398222639
            ],
            [
              120.9709589807959,
              14.42955316854501
            ],
            [
              120.9715243133827,
              14.42982925834971
            ],
            [
              120.9737455434316,
              14.42983732215142
            ],
            [
              120.9739154882287,
              14.42986857089797
            ],
            [
              120.9739773084233,
              14.4297286952348
            ],
            [
              120.9742662806154,
              14.42986794057393
            ],
            [
              120.9742074265982,
              14.43004528464708
            ],
            [
              120.9745905224386,
              14.43012186278763
            ],
            [
              120.9749691761288,
              14.43014636567131
            ],
            [
              120.9750103265593,
              14.42959092412456
            ],
            [
              120.9750205701713,
              14.42960895536993
            ],
            [
              120.975282481982,
              14.42963289251704
            ],
            [
              120.9753103706051,
              14.42929430288578
            ],
            [
              120.9758075397506,
              14.42934055578306
            ],
            [
              120.9760355500937,
              14.42761701722422
            ],
            [
              120.976055452157,
              14.42761199263
            ],
            [
              120.9764711757332,
              14.4276390304812
            ],
            [
              120.9767668209991,
              14.42776036397245
            ],
            [
              120.9775485486789,
              14.42766260716157
            ],
            [
              120.977600186347,
              14.42798999745612
            ],
            [
              120.9777035316095,
              14.42810753244207
            ],
            [
              120.9778068899605,
              14.4281243340102
            ],
            [
              120.9780136442962,
              14.42786413088708
            ],
            [
              120.9782031607699,
              14.4276878708818
            ],
            [
              120.978297906204,
              14.42769627629541
            ],
            [
              120.9785820928258,
              14.42813282160851
            ],
            [
              120.9787112656572,
              14.42835948749932
            ],
            [
              120.9786940179163,
              14.42852737440618
            ],
            [
              120.9786595433517,
              14.42869525926384
            ],
            [
              120.9784540065544,
              14.42897061693234
            ],
            [
              120.978340785552,
              14.42918209912766
            ],
            [
              120.9783407706877,
              14.42929962138435
            ],
            [
              120.9784613395664,
              14.42945073588282
            ],
            [
              120.9786508181774,
              14.42958506962223
            ],
            [
              120.978969505282,
              14.42966905174121
            ],
            [
              120.9791676025143,
              14.42976141429442
            ],
            [
              120.9792106537104,
              14.42989573045813
            ],
            [
              120.9792192430278,
              14.43008880327682
            ],
            [
              120.9792192234792,
              14.43024829820852
            ],
            [
              120.9793368135833,
              14.43022358093821
            ],
            [
              120.9801262416942,
              14.43019816372136
            ],
            [
              120.9800883305496,
              14.4300330417049
            ],
            [
              120.9800836525027,
              14.42994811423377
            ],
            [
              120.9800883460517,
              14.42990242728099
            ],
            [
              120.9801006154041,
              14.42985939938542
            ],
            [
              120.9801483855689,
              14.42976164956694
            ],
            [
              120.9801855572742,
              14.42968602192595
            ],
            [
              120.9802244566903,
              14.42961868814068
            ],
            [
              120.9803159619263,
              14.42964861560623
            ],
            [
              120.9806445454815,
              14.42981924985524
            ],
            [
              120.9810726667138,
              14.4304319218445
            ],
            [
              120.9814161230696,
              14.43016026262186
            ],
            [
              120.9817242906761,
              14.43030002872631
            ],
            [
              120.9820617767006,
              14.43033621792875
            ],
            [
              120.9825889855295,
              14.43063788673884
            ],
            [
              120.9825576057925,
              14.43082980746052
            ],
            [
              120.9830673592773,
              14.43100124764225
            ],
            [
              120.9830411500815,
              14.43110747915979
            ],
            [
              120.9830966070929,
              14.43112036176841
            ],
            [
              120.9830646258822,
              14.43122371848815
            ],
            [
              120.9830128517491,
              14.43121006164793
            ],
            [
              120.9829668752287,
              14.43129043672996
            ],
            [
              120.9830275953928,
              14.43133892589137
            ],
            [
              120.9832587974124,
              14.43145971961495
            ],
            [
              120.9838905080337,
              14.43142253139577
            ],
            [
              120.9839582106325,
              14.43142872477334
            ]
          ]
        ],
        "type": "Polygon"
      }
    },
    {
      "type": "Feature",
      "properties": {
        "name_kml": "San Nicolas 3",
        "name_db": "SAN NICOLAS III",
        "centroid_lat": 14.422044,
        "centroid_lng": 120.983971
      },
      "geometry": {
        "coordinates": [
          [
            [
              120.9716801411045,
              14.42786845350334
            ],
            [
              120.9716938672273,
              14.42786601425773
            ],
            [
              120.9717074078666,
              14.42786357588759
            ],
            [
              120.9717305028249,
              14.42784866679411
            ],
            [
              120.9717463631862,
              14.42783267201485
            ],
            [
              120.9717855081256,
              14.4277929990728
            ],
            [
              120.9718085095714,
              14.42777700534537
            ],
            [
              120.971835776671,
              14.42776986810566
            ],
            [
              120.9718749140995,
              14.42776643837316
            ],
            [
              120.9731915650245,
              14.42776346458746
            ],
            [
              120.9732584194972,
              14.42770169816264
            ],
            [
              120.9733226080416,
              14.42776791289015
            ],
            [
              120.9734464598291,
              14.42771858379498
            ],
            [
              120.9736287194341,
              14.42764448008541
            ],
            [
              120.9737060202477,
              14.4276324028972
            ],
            [
              120.9743592486085,
              14.42766699662057
            ],
            [
              120.9744301972262,
              14.42774725589607
            ],
            [
              120.9750252343967,
              14.42779554389143
            ],
            [
              120.975002880401,
              14.42706443529893
            ],
            [
              120.9749876955691,
              14.42689367164991
            ],
            [
              120.9749518171322,
              14.42652718553529
            ],
            [
              120.9749385799496,
              14.42631300170838
            ],
            [
              120.9749174678573,
              14.42615339361559
            ],
            [
              120.9749112877423,
              14.42610667219498
            ],
            [
              120.9749143879088,
              14.42594760047866
            ],
            [
              120.9748973721623,
              14.42560192688783
            ],
            [
              120.9748957613804,
              14.42554221694064
            ],
            [
              120.9748928399897,
              14.42514381483869
            ],
            [
              120.9749966243215,
              14.42522602706872
            ],
            [
              120.9777769355164,
              14.42569268882056
            ],
            [
              120.9779880778071,
              14.42572354289645
            ],
            [
              120.978065639633,
              14.42539616832848
            ],
            [
              120.9782035010503,
              14.42501004031296
            ],
            [
              120.9782896368121,
              14.42498486779477
            ],
            [
              120.9784877453367,
              14.4249597077468
            ],
            [
              120.9787117077823,
              14.42481702920039
            ],
            [
              120.9787289709242,
              14.42452322503415
            ],
            [
              120.9787128496819,
              14.42358117459018
            ],
            [
              120.9785805408589,
              14.42246282090152
            ],
            [
              120.9787044803994,
              14.42217301892522
            ],
            [
              120.9791133643311,
              14.42213683916532
            ],
            [
              120.9792496694786,
              14.42204628806178
            ],
            [
              120.9792744707726,
              14.42187119283826
            ],
            [
              120.9791494908628,
              14.42173662843864
            ],
            [
              120.9792763147277,
              14.42164113941339
            ],
            [
              120.9792129249565,
              14.42151192210026
            ],
            [
              120.9796164567925,
              14.42119736768563
            ],
            [
              120.9818280678853,
              14.42122458889595
            ],
            [
              120.9820710080544,
              14.42122579477583
            ],
            [
              120.982783282607,
              14.42145111227489
            ],
            [
              120.9830301358569,
              14.42067713106628
            ],
            [
              120.9826162398222,
              14.42058455726722
            ],
            [
              120.9811225603035,
              14.41994180312151
            ],
            [
              120.9819877246896,
              14.41936743257746
            ],
            [
              120.9820687605958,
              14.41910923440774
            ],
            [
              120.9826496559329,
              14.4187883463684
            ],
            [
              120.982931704853,
              14.41883175221703
            ],
            [
              120.9853787155943,
              14.41899273177468
            ],
            [
              120.9854418100522,
              14.41897028415935
            ],
            [
              120.9859904457241,
              14.41808005790643
            ],
            [
              120.985976682078,
              14.41779403602741
            ],
            [
              120.9882485651252,
              14.41781671475207
            ],
            [
              120.9882801602272,
              14.41781559810909
            ],
            [
              120.9882846331853,
              14.41778618750782
            ],
            [
              120.9882750184941,
              14.41760160725498
            ],
            [
              120.9882814451133,
              14.4175233962852
            ],
            [
              120.9882333081988,
              14.41738573972289
            ],
            [
              120.9882108517964,
              14.41722931411754
            ],
            [
              120.9880920925026,
              14.41714170779922
            ],
            [
              120.9880471578737,
              14.41709477664857
            ],
            [
              120.9880086581539,
              14.41686013827788
            ],
            [
              120.9880503937598,
              14.41677880189429
            ],
            [
              120.9881145954467,
              14.4167350084543
            ],
            [
              120.9881210193567,
              14.41667869582886
            ],
            [
              120.9880568457535,
              14.41638461500316
            ],
            [
              120.9880953739693,
              14.41627512178879
            ],
            [
              120.9881595716266,
              14.41627825504129
            ],
            [
              120.9882366053381,
              14.41632205957429
            ],
            [
              120.9882943756633,
              14.41641279019247
            ],
            [
              120.9884131407681,
              14.41642531314254
            ],
            [
              120.9885126491007,
              14.4164034215731
            ],
            [
              120.988547965034,
              14.41631269817803
            ],
            [
              120.9885672372349,
              14.41615627669838
            ],
            [
              120.9885736715429,
              14.41598108228201
            ],
            [
              120.988628247164,
              14.41588723214215
            ],
            [
              120.9886475120542,
              14.41580902213256
            ],
            [
              120.9886956673795,
              14.41572768521396
            ],
            [
              120.9887759223592,
              14.41562445237444
            ],
            [
              120.9888240841457,
              14.41544926110491
            ],
            [
              120.9888369398601,
              14.41525529701444
            ],
            [
              120.988792010944,
              14.41513954003496
            ],
            [
              120.9887181893862,
              14.41506758025798
            ],
            [
              120.9886347358847,
              14.41502377448309
            ],
            [
              120.9884903022497,
              14.41489549608579
            ],
            [
              120.9884164836723,
              14.41478912232667
            ],
            [
              120.988358710392,
              14.41473906292984
            ],
            [
              120.9883458767103,
              14.41467023506307
            ],
            [
              120.9883330407325,
              14.41462956376546
            ],
            [
              120.9882656332801,
              14.41462330210308
            ],
            [
              120.9881725476369,
              14.4146232948225
            ],
            [
              120.9880345261638,
              14.41458574186592
            ],
            [
              120.9879510733797,
              14.41454819406872
            ],
            [
              120.9877970015201,
              14.41452941074603
            ],
            [
              120.9877392251393,
              14.4145075068632
            ],
            [
              120.9876621900252,
              14.41448872962184
            ],
            [
              120.9876172562833,
              14.41443867107669
            ],
            [
              120.987594804332,
              14.41423844686672
            ],
            [
              120.9874793034544,
              14.41361274283069
            ],
            [
              120.9873958577313,
              14.41348759781362
            ],
            [
              120.9869272682927,
              14.41293381944674
            ],
            [
              120.9865321929154,
              14.41253813159062
            ],
            [
              120.9866200244218,
              14.4124355331687
            ],
            [
              120.9869995273419,
              14.41247254735913
            ],
            [
              120.9871262980738,
              14.41255829661807
            ],
            [
              120.9871718486108,
              14.41256957223611
            ],
            [
              120.9874163764201,
              14.41253744165223
            ],
            [
              120.9906558306349,
              14.41258494384401
            ],
            [
              120.9906703045258,
              14.41253177363162
            ],
            [
              120.99066799006,
              14.40776260793242
            ],
            [
              120.990876786263,
              14.4077626301367
            ],
            [
              120.9908505603382,
              14.40773706582863
            ],
            [
              120.990850712385,
              14.40558279842417
            ],
            [
              120.9908769435153,
              14.40555723491426
            ],
            [
              120.9908781216917,
              14.4054625956418
            ],
            [
              120.990913211986,
              14.405264267303336
            ],
            [
              120.99251476570254,
              14.405144560795716
            ],
            [
              120.9927201802275,
              14.40510241472138
            ],
            [
              120.9927609280077,
              14.40509089063706
            ],
            [
              120.9927780429558,
              14.40507087418057
            ],
            [
              120.9932833862363,
              14.40507423768524
            ],
            [
              120.9932963313112,
              14.40527878993283
            ],
            [
              120.9948427723077,
              14.40528053027769
            ],
            [
              120.9949012557937,
              14.4052548417798
            ],
            [
              120.9948816385176,
              14.40569433862812
            ],
            [
              120.9952531030632,
              14.4060219290324
            ],
            [
              120.9951762909411,
              14.40728094221003
            ],
            [
              120.9950310257444,
              14.40747509731843
            ],
            [
              120.9945475301015,
              14.40751350174894
            ],
            [
              120.9945931696823,
              14.40773598198401
            ],
            [
              120.9946844658401,
              14.40788565347082
            ],
            [
              120.9947612386726,
              14.40797464815388
            ],
            [
              120.9948691291626,
              14.40823960495646
            ],
            [
              120.9948296922649,
              14.40843578800299
            ],
            [
              120.9948815637962,
              14.4085389392222
            ],
            [
              120.9952446730689,
              14.4091558278015
            ],
            [
              120.9948690520249,
              14.40970391363421
            ],
            [
              120.9945951124917,
              14.41019537366045
            ],
            [
              120.9946075554708,
              14.41033492797323
            ],
            [
              120.9946241538211,
              14.41038953733163
            ],
            [
              120.994900132254,
              14.410595849378
            ],
            [
              120.9947880519402,
              14.41104484413089
            ],
            [
              120.9943563988243,
              14.41159697183989
            ],
            [
              120.9942028169044,
              14.41199944591951
            ],
            [
              120.9941301830676,
              14.41208438812502
            ],
            [
              120.9940429962581,
              14.41264664549488
            ],
            [
              120.9938043384407,
              14.41297023707302
            ],
            [
              120.9937856523488,
              14.41314619566207
            ],
            [
              120.9933851175545,
              14.41371450291985
            ],
            [
              120.9932772073246,
              14.41376505970113
            ],
            [
              120.9930856562246,
              14.41400634450611
            ],
            [
              120.9929780857672,
              14.41409649867084
            ],
            [
              120.9928310167448,
              14.41425026571326
            ],
            [
              120.9922708359341,
              14.41479159268582
            ],
            [
              120.9916915796699,
              14.415619268636
            ],
            [
              120.9914054160134,
              14.41577379325914
            ],
            [
              120.9911227572785,
              14.41576977618702
            ],
            [
              120.9909171183471,
              14.4156959211471
            ],
            [
              120.9908873545763,
              14.41569591915733
            ],
            [
              120.990375907799,
              14.41628925655735
            ],
            [
              120.9905679993465,
              14.41661892084665
            ],
            [
              120.9908169281906,
              14.41675079868866
            ],
            [
              120.9910008675346,
              14.4175815317687
            ],
            [
              120.9910549713071,
              14.417768776684
            ],
            [
              120.9910576726038,
              14.41783734431221
            ],
            [
              120.9910251958424,
              14.41793228198278
            ],
            [
              120.9909440170543,
              14.41797447165849
            ],
            [
              120.9908006025118,
              14.41802456938082
            ],
            [
              120.9906842329146,
              14.41826982242365
            ],
            [
              120.99058575614,
              14.41845954803911
            ],
            [
              120.9906001833409,
              14.41851112057751
            ],
            [
              120.9906771416475,
              14.4186283354486
            ],
            [
              120.9906401290556,
              14.41881053621723
            ],
            [
              120.9904214761165,
              14.4192647021499
            ],
            [
              120.990508381665,
              14.42030742360304
            ],
            [
              120.9905170331383,
              14.42095170426654
            ],
            [
              120.990508322336,
              14.42112972844378
            ],
            [
              120.9900386088665,
              14.42128228818758
            ],
            [
              120.9899777183558,
              14.4213331486218
            ],
            [
              120.9899777069848,
              14.42148574102132
            ],
            [
              120.9900559780692,
              14.42165529415989
            ],
            [
              120.9901168539154,
              14.42181636799156
            ],
            [
              120.9900733520549,
              14.42195200301937
            ],
            [
              120.9899341667623,
              14.42214697224969
            ],
            [
              120.989812382065,
              14.42226564734863
            ],
            [
              120.9896123232308,
              14.42226563296238
            ],
            [
              120.9894992424382,
              14.42231648858398
            ],
            [
              120.9894470362248,
              14.42252841904955
            ],
            [
              120.9892817563391,
              14.42270643167028
            ],
            [
              120.9890642948027,
              14.42277423457305
            ],
            [
              120.9887250633531,
              14.42277420900311
            ],
            [
              120.9885945981122,
              14.42266399332904
            ],
            [
              120.9885076235783,
              14.4225707352431
            ],
            [
              120.9884032355649,
              14.42268093289159
            ],
            [
              120.9882988488391,
              14.42277417618552
            ],
            [
              120.9881770729614,
              14.42278264382139
            ],
            [
              120.9880726994667,
              14.42271481657629
            ],
            [
              120.9880292189911,
              14.42258765312516
            ],
            [
              120.9877682833139,
              14.42245199427852
            ],
            [
              120.9873072766184,
              14.42246043403346
            ],
            [
              120.9871420037645,
              14.42252823944518
            ],
            [
              120.9868984424541,
              14.42265538007449
            ],
            [
              120.9868897382635,
              14.4227147203246
            ],
            [
              120.9870375578926,
              14.42329119357602
            ],
            [
              120.98709842905,
              14.42348617858288
            ],
            [
              120.9870288018661,
              14.42395242795894
            ],
            [
              120.9869330935611,
              14.42426608184952
            ],
            [
              120.9869156837521,
              14.42441019560054
            ],
            [
              120.9870895575907,
              14.42546988123238
            ],
            [
              120.9871590758311,
              14.4262582810618
            ],
            [
              120.9870894760699,
              14.42640239047736
            ],
            [
              120.9867241316182,
              14.4265379978891
            ],
            [
              120.986689341775,
              14.42649560828496
            ],
            [
              120.986628476227,
              14.42623280510889
            ],
            [
              120.9865502030946,
              14.4260971604083
            ],
            [
              120.9861935834797,
              14.42595301452347
            ],
            [
              120.9859326315142,
              14.42595299172003
            ],
            [
              120.9858021517202,
              14.42600384402168
            ],
            [
              120.9857151619857,
              14.4260716553259
            ],
            [
              120.9856828879318,
              14.4272325376636
            ],
            [
              120.9857028330014,
              14.4273103197108
            ],
            [
              120.9860163206158,
              14.42780480683265
            ],
            [
              120.9860248665151,
              14.42785758662986
            ],
            [
              120.9860077619068,
              14.42789091979093
            ],
            [
              120.9857641054241,
              14.42801449803449
            ],
            [
              120.9854481154756,
              14.42858166604928
            ],
            [
              120.9853788236686,
              14.42865728620738
            ],
            [
              120.9853095318147,
              14.42873290634449
            ],
            [
              120.9848716256196,
              14.42901376369023
            ],
            [
              120.9846665340057,
              14.42910017468507
            ],
            [
              120.9845833862509,
              14.42916498876609
            ],
            [
              120.9844669586491,
              14.42945667978903
            ],
            [
              120.9844558619263,
              14.42957011743794
            ],
            [
              120.9846332127991,
              14.42975920007409
            ],
            [
              120.9848105771529,
              14.42981323479343
            ],
            [
              120.9850710837604,
              14.42986187564118
            ],
            [
              120.9852650678169,
              14.4300023424819
            ],
            [
              120.9853592851443,
              14.43011579060963
            ],
            [
              120.9853703526652,
              14.43030485669202
            ],
            [
              120.9853204509143,
              14.43047771224797
            ],
            [
              120.9849545988107,
              14.43074777257611
            ],
            [
              120.9847827637129,
              14.43082878444632
            ],
            [
              120.9846331102078,
              14.43080176095212
            ],
            [
              120.9845278042239,
              14.43072072332687
            ],
            [
              120.9844613188812,
              14.43043981969256
            ],
            [
              120.9842950401725,
              14.43038038349275
            ],
            [
              120.9841730969363,
              14.43039657689925
            ],
            [
              120.9840899492639,
              14.43044518669264
            ],
            [
              120.9839901283287,
              14.43094214911805
            ],
            [
              120.9839582106325,
              14.43142872477334
            ],
            [
              120.9838905080337,
              14.43142253139577
            ],
            [
              120.9832587974124,
              14.43145971961495
            ],
            [
              120.9830275953928,
              14.43133892589137
            ],
            [
              120.9829668752287,
              14.43129043672996
            ],
            [
              120.9830128517491,
              14.43121006164793
            ],
            [
              120.9830646258822,
              14.43122371848815
            ],
            [
              120.9830966070929,
              14.43112036176841
            ],
            [
              120.9830411500815,
              14.43110747915979
            ],
            [
              120.9830673592773,
              14.43100124764225
            ],
            [
              120.9825576057925,
              14.43082980746052
            ],
            [
              120.9825889855295,
              14.43063788673884
            ],
            [
              120.9820617767006,
              14.43033621792875
            ],
            [
              120.9817242906761,
              14.43030002872631
            ],
            [
              120.9814161230696,
              14.43016026262186
            ],
            [
              120.9810726667138,
              14.4304319218445
            ],
            [
              120.9806445454815,
              14.42981924985524
            ],
            [
              120.9803159619263,
              14.42964861560623
            ],
            [
              120.9802244566903,
              14.42961868814068
            ],
            [
              120.9801855572742,
              14.42968602192595
            ],
            [
              120.9801483855689,
              14.42976164956694
            ],
            [
              120.9801006154041,
              14.42985939938542
            ],
            [
              120.9800883460517,
              14.42990242728099
            ],
            [
              120.9800836525027,
              14.42994811423377
            ],
            [
              120.9800859915257,
              14.42999057796941
            ],
            [
              120.9800883305496,
              14.4300330417049
            ],
            [
              120.9801262416942,
              14.43019816372136
            ],
            [
              120.9793368135833,
              14.43022358093821
            ],
            [
              120.9792192234792,
              14.43024829820852
            ],
            [
              120.9792192430278,
              14.43008880327682
            ],
            [
              120.9792106537104,
              14.42989573045813
            ],
            [
              120.9791676025143,
              14.42976141429442
            ],
            [
              120.978969505282,
              14.42966905174121
            ],
            [
              120.9786508181774,
              14.42958506962223
            ],
            [
              120.9784613395664,
              14.42945073588282
            ],
            [
              120.9783407706877,
              14.42929962138435
            ],
            [
              120.978340785552,
              14.42918209912766
            ],
            [
              120.9784540065544,
              14.42897061693234
            ],
            [
              120.9786595433517,
              14.42869525926384
            ],
            [
              120.9786940179163,
              14.42852737440618
            ],
            [
              120.9787112656572,
              14.42835948749932
            ],
            [
              120.9785820928258,
              14.42813282160851
            ],
            [
              120.978297906204,
              14.42769627629541
            ],
            [
              120.9782031607699,
              14.4276878708818
            ],
            [
              120.9780136442962,
              14.42786413088708
            ],
            [
              120.9778068899605,
              14.4281243340102
            ],
            [
              120.9777035316095,
              14.42810753244207
            ],
            [
              120.977600186347,
              14.42798999745612
            ],
            [
              120.9775485486789,
              14.42766260716157
            ],
            [
              120.9767668209991,
              14.42776036397245
            ],
            [
              120.9764711757332,
              14.4276390304812
            ],
            [
              120.976055452157,
              14.42761199263
            ],
            [
              120.9760355500937,
              14.42761701722422
            ],
            [
              120.9758075397506,
              14.42934055578306
            ],
            [
              120.9753103706051,
              14.42929430288578
            ],
            [
              120.975282481982,
              14.42963289251704
            ],
            [
              120.9750205701713,
              14.42960895536993
            ],
            [
              120.9750103265593,
              14.42959092412456
            ],
            [
              120.9749691761288,
              14.43014636567131
            ],
            [
              120.9745905224386,
              14.43012186278763
            ],
            [
              120.9742074265982,
              14.43004528464708
            ],
            [
              120.9742662806154,
              14.42986794057393
            ],
            [
              120.9739773084233,
              14.4297286952348
            ],
            [
              120.9739154882287,
              14.42986857089797
            ],
            [
              120.9737455434316,
              14.42983732215142
            ],
            [
              120.9715243133827,
              14.42982925834971
            ],
            [
              120.9709589807959,
              14.42955316854501
            ],
            [
              120.9707396731488,
              14.43014398222639
            ],
            [
              120.9706181549716,
              14.43015309430708
            ],
            [
              120.9705941730559,
              14.43011635301907
            ],
            [
              120.9703481564354,
              14.43010310016114
            ],
            [
              120.9702588058943,
              14.43008989297979
            ],
            [
              120.9703219923042,
              14.43004372265403
            ],
            [
              120.9703404366189,
              14.42997119838619
            ],
            [
              120.97031404782,
              14.42990192466096
            ],
            [
              120.9702267356482,
              14.42983857977726
            ],
            [
              120.9700747501394,
              14.42989170042938
            ],
            [
              120.9699566670546,
              14.42970395650038
            ],
            [
              120.9698307578896,
              14.4297177909785
            ],
            [
              120.9697271944456,
              14.42968413010893
            ],
            [
              120.9696175450158,
              14.42961286383009
            ],
            [
              120.9697211273452,
              14.42953173572537
            ],
            [
              120.9698226700818,
              14.42950206487332
            ],
            [
              120.9698856296434,
              14.42946447119739
            ],
            [
              120.969980165416,
              14.42944101690536
            ],
            [
              120.9703859740334,
              14.429400371541
            ],
            [
              120.9705329793529,
              14.42785665812734
            ],
            [
              120.9716801411045,
              14.42786845350334
            ]
          ]
        ],
        "type": "Polygon"
      }
    },
    {
      "type": "Feature",
      "properties": {
        "name_kml": "Bayanan",
        "name_db": "BAYANAN",
        "centroid_lat": 14.425882,
        "centroid_lng": 120.969197
      },
      "geometry": {
        "coordinates": [
          [
            [
              120.965376448988,
              14.42308775883772
            ],
            [
              120.9656644740325,
              14.42308819834791
            ],
            [
              120.9657213250399,
              14.42299452494407
            ],
            [
              120.9665860907765,
              14.42108259913049
            ],
            [
              120.9667680500222,
              14.42106417321245
            ],
            [
              120.9670147595285,
              14.42043646555796
            ],
            [
              120.9672651362206,
              14.41987691386014
            ],
            [
              120.9673572595508,
              14.41925276705307
            ],
            [
              120.9673830635978,
              14.41902319445094
            ],
            [
              120.9673795207604,
              14.41823761037363
            ],
            [
              120.9673452379661,
              14.4174958041551
            ],
            [
              120.9673514681071,
              14.41694876639872
            ],
            [
              120.9672963445203,
              14.41647047190303
            ],
            [
              120.9671982789537,
              14.41601010589752
            ],
            [
              120.967229029646,
              14.41555573996348
            ],
            [
              120.9674009143339,
              14.41482040487398
            ],
            [
              120.9677722504772,
              14.41354105289662
            ],
            [
              120.9679778299736,
              14.4130329084001
            ],
            [
              120.9681796645539,
              14.41249805780501
            ],
            [
              120.969659886582,
              14.41292817395011
            ],
            [
              120.9694176191864,
              14.41375476419152
            ],
            [
              120.96943594986,
              14.41382408925913
            ],
            [
              120.9695052013346,
              14.41408599820366
            ],
            [
              120.969328412237,
              14.41413612384046
            ],
            [
              120.9692544943295,
              14.41423031375381
            ],
            [
              120.969049903981,
              14.41475068075814
            ],
            [
              120.9689732783726,
              14.41502235631875
            ],
            [
              120.968882457677,
              14.41509850040203
            ],
            [
              120.9687592079099,
              14.41521804176192
            ],
            [
              120.9686069246012,
              14.41551749552886
            ],
            [
              120.9682201167779,
              14.4164472164079
            ],
            [
              120.9681618366778,
              14.41640795319079
            ],
            [
              120.9679517862082,
              14.4168783890238
            ],
            [
              120.9688552379064,
              14.41704891386109
            ],
            [
              120.9688681357901,
              14.41679556602737
            ],
            [
              120.969685000358,
              14.41680060154174
            ],
            [
              120.9694768777176,
              14.41726265684947
            ],
            [
              120.9697098979083,
              14.41774097874349
            ],
            [
              120.9696301227004,
              14.41792630177701
            ],
            [
              120.9697152139285,
              14.41801476606366
            ],
            [
              120.9701156278218,
              14.41826861136176
            ],
            [
              120.969917248932,
              14.41888148822418
            ],
            [
              120.9700060979387,
              14.41918933604334
            ],
            [
              120.9697697424077,
              14.41929630170655
            ],
            [
              120.9697851265009,
              14.41955677304421
            ],
            [
              120.9697704079864,
              14.41959655073559
            ],
            [
              120.9697935168898,
              14.4197499952504
            ],
            [
              120.9698159516353,
              14.41979407041388
            ],
            [
              120.9699473513734,
              14.41985085593353
            ],
            [
              120.969977417186,
              14.41992392105056
            ],
            [
              120.9699495544829,
              14.42016996751225
            ],
            [
              120.9698886494883,
              14.42030014955056
            ],
            [
              120.9699946514507,
              14.42044088735937
            ],
            [
              120.9699960444588,
              14.42055376415516
            ],
            [
              120.9699191585394,
              14.4206282714315
            ],
            [
              120.9699199728181,
              14.42070158235795
            ],
            [
              120.9700001652089,
              14.42077249146654
            ],
            [
              120.9700283608663,
              14.42083273163639
            ],
            [
              120.9700039909328,
              14.42084460345864
            ],
            [
              120.9699653794459,
              14.42101876008575
            ],
            [
              120.9699430368979,
              14.42105240220661
            ],
            [
              120.9698435254074,
              14.42110384344515
            ],
            [
              120.9700770118158,
              14.42135918771716
            ],
            [
              120.9700647977702,
              14.42153730728282
            ],
            [
              120.9699516996821,
              14.42176202170145
            ],
            [
              120.9714761730576,
              14.42219341005337
            ],
            [
              120.9714854674226,
              14.42219310955578
            ],
            [
              120.9714927470143,
              14.42218995170636
            ],
            [
              120.9716147100755,
              14.42245704402518
            ],
            [
              120.9721194217259,
              14.42249001207791
            ],
            [
              120.9724313710574,
              14.42257250892223
            ],
            [
              120.9725635615713,
              14.42257924001619
            ],
            [
              120.9728377723538,
              14.42265220344437
            ],
            [
              120.9729024155799,
              14.42247243722398
            ],
            [
              120.9729189457045,
              14.4224439603512
            ],
            [
              120.974438176256,
              14.42253519082793
            ],
            [
              120.974434129401,
              14.42428656061765
            ],
            [
              120.9746660853765,
              14.42427215239203
            ],
            [
              120.9747277480927,
              14.42512513991417
            ],
            [
              120.9748928399897,
              14.42514381483869
            ],
            [
              120.9748957613804,
              14.42554221694064
            ],
            [
              120.9748973721623,
              14.42560192688783
            ],
            [
              120.9749148594714,
              14.42594765491999
            ],
            [
              120.9749112877423,
              14.42610667219498
            ],
            [
              120.9749174678573,
              14.42615339361559
            ],
            [
              120.9749385799496,
              14.42631300170838
            ],
            [
              120.9749518171322,
              14.42652718553529
            ],
            [
              120.9749876954523,
              14.42689367166118
            ],
            [
              120.975002880401,
              14.42706443529893
            ],
            [
              120.9750250089319,
              14.42779552559495
            ],
            [
              120.9744301972262,
              14.42774725589607
            ],
            [
              120.9743592486085,
              14.42766699662057
            ],
            [
              120.9737060202477,
              14.4276324028972
            ],
            [
              120.973671325125,
              14.42763782353586
            ],
            [
              120.9736287194341,
              14.42764448008541
            ],
            [
              120.9734464598463,
              14.42771858382655
            ],
            [
              120.9733226080416,
              14.42776791289015
            ],
            [
              120.9732584194972,
              14.42770169816264
            ],
            [
              120.9731915650245,
              14.42776346458746
            ],
            [
              120.9718749140995,
              14.42776643837316
            ],
            [
              120.971835776671,
              14.42776986810566
            ],
            [
              120.9718085095714,
              14.42777700534537
            ],
            [
              120.9717855081256,
              14.4277929990728
            ],
            [
              120.9717463631862,
              14.42783267201485
            ],
            [
              120.9717305028249,
              14.42784866679411
            ],
            [
              120.9717074078666,
              14.42786357588759
            ],
            [
              120.9716801411045,
              14.42786845350334
            ],
            [
              120.9705329793529,
              14.42785665812734
            ],
            [
              120.9703859740334,
              14.429400371541
            ],
            [
              120.969980165416,
              14.42944101690536
            ],
            [
              120.9698856296434,
              14.42946447119739
            ],
            [
              120.9698226700818,
              14.42950206487332
            ],
            [
              120.9697211273452,
              14.42953173572537
            ],
            [
              120.9696175450158,
              14.42961286383009
            ],
            [
              120.9697271944456,
              14.42968413010893
            ],
            [
              120.9698307578896,
              14.4297177909785
            ],
            [
              120.9699566670546,
              14.42970395650038
            ],
            [
              120.9700747501394,
              14.42989170042938
            ],
            [
              120.9702267356482,
              14.42983857977726
            ],
            [
              120.97031404782,
              14.42990192466096
            ],
            [
              120.9703404366189,
              14.42997119838619
            ],
            [
              120.9703219923042,
              14.43004372265403
            ],
            [
              120.9702588058943,
              14.43008989297979
            ],
            [
              120.9701531949148,
              14.43015584727889
            ],
            [
              120.9701098652458,
              14.43019806180389
            ],
            [
              120.9700584092276,
              14.43025874690743
            ],
            [
              120.9700313257209,
              14.43030360316202
            ],
            [
              120.9700096539204,
              14.43036429287983
            ],
            [
              120.9700042235651,
              14.43045665127512
            ],
            [
              120.9700367047023,
              14.43052526617253
            ],
            [
              120.9701043897029,
              14.43056749791427
            ],
            [
              120.9701802010654,
              14.43059125904637
            ],
            [
              120.9702533077914,
              14.43059390956993
            ],
            [
              120.9702830882971,
              14.43062294109783
            ],
            [
              120.9702989063701,
              14.43069216257714
            ],
            [
              120.9702532653159,
              14.43085515374658
            ],
            [
              120.9703404168461,
              14.43093363164077
            ],
            [
              120.9704270384359,
              14.43108933651009
            ],
            [
              120.9704540835564,
              14.43128197589677
            ],
            [
              120.9704161634325,
              14.43135849577496
            ],
            [
              120.9704215594742,
              14.4314772444467
            ],
            [
              120.9704486239146,
              14.43155641353171
            ],
            [
              120.9704486170864,
              14.43159863476422
            ],
            [
              120.9703240516206,
              14.43166986466299
            ],
            [
              120.9702861322437,
              14.43174110697652
            ],
            [
              120.9703483938286,
              14.43183611502651
            ],
            [
              120.9705533201103,
              14.43191595134754
            ],
            [
              120.970443101086,
              14.43222139912749
            ],
            [
              120.9703212484455,
              14.43225568484324
            ],
            [
              120.9703049961723,
              14.43229526524991
            ],
            [
              120.9702968612127,
              14.43236651215269
            ],
            [
              120.9703509928057,
              14.43250901771412
            ],
            [
              120.9703482739987,
              14.43257498791083
            ],
            [
              120.9702914069215,
              14.43260664529266
            ],
            [
              120.9700152296844,
              14.43255118698895
            ],
            [
              120.9698906678846,
              14.43259602804506
            ],
            [
              120.9697688240872,
              14.43257489794179
            ],
            [
              120.9697200842462,
              14.4325828070723
            ],
            [
              120.9696415536797,
              14.43262237766455
            ],
            [
              120.9697092100594,
              14.43284141118803
            ],
            [
              120.9697850025909,
              14.43298392026752
            ],
            [
              120.9697281200952,
              14.43310793672847
            ],
            [
              120.9696847658049,
              14.43329528668557
            ],
            [
              120.9696278836108,
              14.43341666480057
            ],
            [
              120.9696468010136,
              14.43363832988782
            ],
            [
              120.9695953349037,
              14.43375443039762
            ],
            [
              120.9696115595148,
              14.43388901338618
            ],
            [
              120.9697685749341,
              14.43408695073765
            ],
            [
              120.9697551716079,
              14.43412393989958
            ],
            [
              120.9697273151633,
              14.43411939586044
            ],
            [
              120.9695212006943,
              14.43414183301597
            ],
            [
              120.9692735947969,
              14.43409481391571
            ],
            [
              120.9692586641521,
              14.4341656421177
            ],
            [
              120.9686998537451,
              14.4340961936753
            ],
            [
              120.9683158256076,
              14.43401474586836
            ],
            [
              120.9678341064126,
              14.43383914068009
            ],
            [
              120.9679000490283,
              14.43358316145991
            ],
            [
              120.967155069574,
              14.43341274413518
            ],
            [
              120.9670540310903,
              14.43338963093674
            ],
            [
              120.9670309026383,
              14.43350494839892
            ],
            [
              120.9669128104604,
              14.43356055868914
            ],
            [
              120.9667516417809,
              14.43326635420572
            ],
            [
              120.9644922152003,
              14.43300205406379
            ],
            [
              120.9644582617817,
              14.43299064846496
            ],
            [
              120.9643679523287,
              14.43297878363856
            ],
            [
              120.9642795922357,
              14.43295634771748
            ],
            [
              120.9639654878768,
              14.43287659172771
            ],
            [
              120.9637761206704,
              14.43281790609747
            ],
            [
              120.9639731894007,
              14.43177078448425
            ],
            [
              120.9649729119429,
              14.43146471557448
            ],
            [
              120.9649578420549,
              14.43130165000823
            ],
            [
              120.9652693113614,
              14.43094504494483
            ],
            [
              120.9653795033951,
              14.4308284513389
            ],
            [
              120.9646551017477,
              14.42946752059616
            ],
            [
              120.9645741678877,
              14.42924510373939
            ],
            [
              120.9644917705515,
              14.4289767712486
            ],
            [
              120.9644402718091,
              14.42881175377639
            ],
            [
              120.9644049668601,
              14.42865391346545
            ],
            [
              120.9643740801499,
              14.42848889966727
            ],
            [
              120.9643432086666,
              14.42824353401475
            ],
            [
              120.9643270591863,
              14.42800247556023
            ],
            [
              120.9643256582386,
              14.42762510856562
            ],
            [
              120.9643581316993,
              14.42718317918061
            ],
            [
              120.9644480112632,
              14.42680582851694
            ],
            [
              120.9645658727193,
              14.42637969774259
            ],
            [
              120.9646280369115,
              14.42601548134243
            ],
            [
              120.9650155396505,
              14.42540536053683
            ],
            [
              120.964628716364,
              14.42531044020124
            ],
            [
              120.9641745574903,
              14.42527915622351
            ],
            [
              120.9642358774351,
              14.42500324731895
            ],
            [
              120.9642785370374,
              14.42453706923486
            ],
            [
              120.9647770739623,
              14.4245969605962
            ],
            [
              120.9647611334804,
              14.42483425226156
            ],
            [
              120.9653021854199,
              14.42490596104855
            ],
            [
              120.9655356696155,
              14.42465158424657
            ],
            [
              120.9656602474617,
              14.4243659465665
            ],
            [
              120.9650315231745,
              14.42426064921026
            ],
            [
              120.9650649533753,
              14.4240653081752
            ],
            [
              120.9649653083396,
              14.424032887715
            ],
            [
              120.9650219182179,
              14.42368800274934
            ],
            [
              120.9652579996187,
              14.42370645983979
            ],
            [
              120.965273998933,
              14.4235886645087
            ],
            [
              120.9653156520305,
              14.42347331345931
            ],
            [
              120.9652596346623,
              14.4234359420722
            ],
            [
              120.965376448988,
              14.42308775883772
            ]
          ]
        ],
        "type": "Polygon"
      }
    },
    {
      "type": "Feature",
      "properties": {
        "name_kml": "Mambog 1",
        "name_db": "MAMBOG I",
        "centroid_lat": 14.422808,
        "centroid_lng": 120.950216
      },
      "geometry": {
        "coordinates": [
          [
            [
              120.9501412059918,
              14.42410375063453
            ],
            [
              120.9502083637475,
              14.42409026776463
            ],
            [
              120.9503182282038,
              14.42484756339696
            ],
            [
              120.9510882563272,
              14.42475059893754
            ],
            [
              120.9511135835261,
              14.42477363574364
            ],
            [
              120.9511543831013,
              14.42504911610608
            ],
            [
              120.9511479452993,
              14.42507438605937
            ],
            [
              120.9510333206239,
              14.42533752939785
            ],
            [
              120.9509899689904,
              14.42553954539086
            ],
            [
              120.9508007526748,
              14.42553088431461
            ],
            [
              120.9507694158893,
              14.42566005873784
            ],
            [
              120.9506132984133,
              14.42566321587604
            ],
            [
              120.950657148314,
              14.42592540058454
            ],
            [
              120.950810263119,
              14.42589584233985
            ],
            [
              120.9507769416376,
              14.42606962458528
            ],
            [
              120.9524987031575,
              14.42620358720959
            ],
            [
              120.9524152723984,
              14.42703557861193
            ],
            [
              120.9523843538961,
              14.42712169513092
            ],
            [
              120.9523179377281,
              14.42718112020095
            ],
            [
              120.9522210639422,
              14.42719273755646
            ],
            [
              120.9519944187791,
              14.42718340446696
            ],
            [
              120.9518443924138,
              14.42722072097745
            ],
            [
              120.9515789576179,
              14.42741754335992
            ],
            [
              120.9506332712323,
              14.42697139586237
            ],
            [
              120.9506773530672,
              14.42724548602034
            ],
            [
              120.9505707395357,
              14.42725320482034
            ],
            [
              120.9504929715247,
              14.42730071853678
            ],
            [
              120.9503286423028,
              14.42725861894381
            ],
            [
              120.9503387978451,
              14.4272700459954
            ],
            [
              120.9500966636227,
              14.42751553791135
            ],
            [
              120.9500324146941,
              14.42761663094006
            ],
            [
              120.9500521456074,
              14.42773700321836
            ],
            [
              120.9501558628622,
              14.42784776698688
            ],
            [
              120.9501854672598,
              14.42799702935655
            ],
            [
              120.9501310734029,
              14.42819923411308
            ],
            [
              120.9500272832508,
              14.42837253835444
            ],
            [
              120.9498691606731,
              14.42850731218438
            ],
            [
              120.9497752508878,
              14.42868061868841
            ],
            [
              120.9496417969432,
              14.42894058061263
            ],
            [
              120.9494490493661,
              14.42923904536007
            ],
            [
              120.9493195602627,
              14.42935811605345
            ],
            [
              120.9492738116631,
              14.4295095682721
            ],
            [
              120.9492417758652,
              14.42966102381908
            ],
            [
              120.9491503140498,
              14.42982137405757
            ],
            [
              120.9491187361743,
              14.42994402222723
            ],
            [
              120.948994297507,
              14.43017784456209
            ],
            [
              120.9487982934711,
              14.43018771138377
            ],
            [
              120.9486136924694,
              14.43020379784365
            ],
            [
              120.9484459630333,
              14.43008860171577
            ],
            [
              120.9482179454906,
              14.43009356088725
            ],
            [
              120.9479455965632,
              14.43001250387507
            ],
            [
              120.9479147419923,
              14.42992429085446
            ],
            [
              120.9480733763552,
              14.42954621497533
            ],
            [
              120.9480231020245,
              14.42943181026795
            ],
            [
              120.9479593946172,
              14.42938603735269
            ],
            [
              120.9478319774436,
              14.42931083295626
            ],
            [
              120.9476408392241,
              14.42923888084938
            ],
            [
              120.9476173781442,
              14.42918658131568
            ],
            [
              120.9476475790494,
              14.42911468542964
            ],
            [
              120.9478488670669,
              14.42884672899991
            ],
            [
              120.9479327529928,
              14.42867352652367
            ],
            [
              120.9479327812704,
              14.42856567090547
            ],
            [
              120.9477350130907,
              14.42820283331474
            ],
            [
              120.9476578885706,
              14.42817339844991
            ],
            [
              120.9476109527843,
              14.42811782473956
            ],
            [
              120.9476042826993,
              14.42797401526155
            ],
            [
              120.9476210814417,
              14.4278596263371
            ],
            [
              120.9479229846049,
              14.42755901199992
            ],
            [
              120.9479163203346,
              14.42739232353621
            ],
            [
              120.9477487788513,
              14.42686934323602
            ],
            [
              120.9476347504766,
              14.42689219371637
            ],
            [
              120.9475106848272,
              14.42682679486807
            ],
            [
              120.9473966876395,
              14.42673525210055
            ],
            [
              120.9473196484482,
              14.42638224931143
            ],
            [
              120.9472526172028,
              14.42623188801326
            ],
            [
              120.9472057348314,
              14.42597694352078
            ],
            [
              120.9472158456389,
              14.42578738115693
            ],
            [
              120.94728295642,
              14.42563705272483
            ],
            [
              120.9473097983198,
              14.42558803410203
            ],
            [
              120.9468472280314,
              14.42475775229052
            ],
            [
              120.9468405402043,
              14.42468257792088
            ],
            [
              120.9468175201693,
              14.42461842268707
            ],
            [
              120.9468372661313,
              14.42438515649723
            ],
            [
              120.9469177741494,
              14.42430019932864
            ],
            [
              120.9470754069756,
              14.42424140801499
            ],
            [
              120.9472230026387,
              14.42409110079911
            ],
            [
              120.9471828138013,
              14.42388845162831
            ],
            [
              120.9470923203366,
              14.42369232725177
            ],
            [
              120.9468945691805,
              14.42329026833905
            ],
            [
              120.9469214299958,
              14.42316607707142
            ],
            [
              120.9470522534097,
              14.42303210719403
            ],
            [
              120.9474580795346,
              14.42284591272646
            ],
            [
              120.9475184867353,
              14.42268250930807
            ],
            [
              120.9474749409745,
              14.42249293342188
            ],
            [
              120.9474447823064,
              14.42240467996845
            ],
            [
              120.9473240769678,
              14.4223229403527
            ],
            [
              120.9472503504293,
              14.42213335592358
            ],
            [
              120.9472269091882,
              14.42200588363626
            ],
            [
              120.9472638499742,
              14.42180979136515
            ],
            [
              120.9473376690579,
              14.42165292795334
            ],
            [
              120.947434943952,
              14.42156470650107
            ],
            [
              120.9475992901378,
              14.4214699652087
            ],
            [
              120.9477803914036,
              14.42142425337882
            ],
            [
              120.9478340379253,
              14.42146348725864
            ],
            [
              120.9479580569722,
              14.42169230362897
            ],
            [
              120.9480485845876,
              14.42175769393227
            ],
            [
              120.9481894292976,
              14.4217675337792
            ],
            [
              120.9482531644068,
              14.42169891347133
            ],
            [
              120.948548394672,
              14.42122834221025
            ],
            [
              120.9485919986875,
              14.42119566904683
            ],
            [
              120.9486423010913,
              14.42119568142222
            ],
            [
              120.9487630172845,
              14.42123493157566
            ],
            [
              120.9488032619316,
              14.42122513654959
            ],
            [
              120.9489072370309,
              14.42115979422516
            ],
            [
              120.9488334656762,
              14.42114016635763
            ],
            [
              120.9488267680924,
              14.42110421251649
            ],
            [
              120.9489609434336,
              14.42096697407256
            ],
            [
              120.9491521521076,
              14.42073496605572
            ],
            [
              120.949269552291,
              14.42062387064337
            ],
            [
              120.9494104239894,
              14.42052912236667
            ],
            [
              120.9494976197203,
              14.4205062645061
            ],
            [
              120.9498296224988,
              14.42048019831138
            ],
            [
              120.9499537663674,
              14.4202252953691
            ],
            [
              120.9499336523817,
              14.42019587493106
            ],
            [
              120.949638564427,
              14.42012390029753
            ],
            [
              120.9495480320068,
              14.42007812039406
            ],
            [
              120.9495145069286,
              14.4200388926775
            ],
            [
              120.9495145252628,
              14.41996698827551
            ],
            [
              120.9495682191036,
              14.41981665676379
            ],
            [
              120.9496185320127,
              14.41977418012874
            ],
            [
              120.9498499468325,
              14.41967618424905
            ],
            [
              120.9499271010893,
              14.4195814203038
            ],
            [
              120.9499271705842,
              14.41930687768796
            ],
            [
              120.9499506676649,
              14.41921863742438
            ],
            [
              120.9500143989302,
              14.41915655322188
            ],
            [
              120.9500412567911,
              14.41903889905284
            ],
            [
              120.9502055983804,
              14.41895069251608
            ],
            [
              120.9504034748447,
              14.41886576216189
            ],
            [
              120.950494058551,
              14.41870563341051
            ],
            [
              120.9505678946874,
              14.41846379222731
            ],
            [
              120.9506450433219,
              14.41838863783696
            ],
            [
              120.9508328629153,
              14.41828409492647
            ],
            [
              120.9509502619091,
              14.41817299774486
            ],
            [
              120.9510140104512,
              14.41803900975376
            ],
            [
              120.9510408692745,
              14.41791481795319
            ],
            [
              120.9510509610465,
              14.41778735389681
            ],
            [
              120.9510677474057,
              14.41770891682936
            ],
            [
              120.9511214171033,
              14.41765336745247
            ],
            [
              120.9512186847314,
              14.41758148680699
            ],
            [
              120.9512455343786,
              14.41748997798283
            ],
            [
              120.951275754457,
              14.41733310393104
            ],
            [
              120.9513227518411,
              14.41713374409005
            ],
            [
              120.9513428809401,
              14.41709779750062
            ],
            [
              120.9514066024762,
              14.41707493341983
            ],
            [
              120.9520135920854,
              14.41700317033788
            ],
            [
              120.9521209114304,
              14.41696724385629
            ],
            [
              120.9521947015583,
              14.41690516137437
            ],
            [
              120.9522149416115,
              14.41682791447437
            ],
            [
              120.9522284206855,
              14.41655773231289
            ],
            [
              120.9523223524795,
              14.41641394600379
            ],
            [
              120.9526443225276,
              14.41624406464929
            ],
            [
              120.9527605796721,
              14.41622230135204
            ],
            [
              120.9528579772911,
              14.41629455102861
            ],
            [
              120.952952781568,
              14.41647945724986
            ],
            [
              120.9530824272516,
              14.41656228518677
            ],
            [
              120.9532702223863,
              14.4165492545454
            ],
            [
              120.9536368740032,
              14.41651011669788
            ],
            [
              120.953779953871,
              14.41651014880364
            ],
            [
              120.953976684361,
              14.41652762434825
            ],
            [
              120.9541510965929,
              14.41638385526177
            ],
            [
              120.954553511275,
              14.41636651291969
            ],
            [
              120.9547234289561,
              14.41632297152268
            ],
            [
              120.9547949617734,
              14.41635349200231
            ],
            [
              120.9551212955006,
              14.41664118032759
            ],
            [
              120.9554312026087,
              14.41665714010525
            ],
            [
              120.95544750755,
              14.41665756577543
            ],
            [
              120.9555335907282,
              14.4169980191773
            ],
            [
              120.9555773505074,
              14.41706323017498
            ],
            [
              120.9553988469921,
              14.41764540004561
            ],
            [
              120.9553751247973,
              14.41769811070321
            ],
            [
              120.9553090264419,
              14.41786751198929
            ],
            [
              120.9552990825751,
              14.41788213312095
            ],
            [
              120.9552040522051,
              14.41802186933092
            ],
            [
              120.9550138836157,
              14.41803639450378
            ],
            [
              120.9546731241258,
              14.41826537331334
            ],
            [
              120.9546393437147,
              14.41834861443813
            ],
            [
              120.9546280743338,
              14.41835223998391
            ],
            [
              120.95456553704,
              14.41839496265
            ],
            [
              120.9541552840424,
              14.41946618643243
            ],
            [
              120.9531116030465,
              14.42016502554493
            ],
            [
              120.9530386329981,
              14.42033105687086
            ],
            [
              120.9528574735967,
              14.42026390701702
            ],
            [
              120.9526779876157,
              14.42073061377674
            ],
            [
              120.952574403294,
              14.42120333750854
            ],
            [
              120.9525359746707,
              14.42119379766103
            ],
            [
              120.9524514768818,
              14.42141929184455
            ],
            [
              120.9513379867259,
              14.42109455344694
            ],
            [
              120.9513031336554,
              14.42124381956201
            ],
            [
              120.9512232922556,
              14.421220666929
            ],
            [
              120.951291916877,
              14.42243375272118
            ],
            [
              120.9512707606629,
              14.42251847949973
            ],
            [
              120.9502994722801,
              14.42248677579935
            ],
            [
              120.950280574539,
              14.42321393712322
            ],
            [
              120.9500064622963,
              14.42321062936411
            ],
            [
              120.9501412059918,
              14.42410375063453
            ]
          ]
        ],
        "type": "Polygon"
      }
    },
    {
      "type": "Feature",
      "properties": {
        "name_kml": "Mambog 3",
        "name_db": "MAMBOG III",
        "centroid_lat": 14.414433,
        "centroid_lng": 120.960031
      },
      "geometry": {
        "coordinates": [
          [
            [
              120.9563668128624,
              14.43228653974863
            ],
            [
              120.9557611756635,
              14.4306206293757
            ],
            [
              120.9555609742429,
              14.4300139788783
            ],
            [
              120.9555614704508,
              14.42995284663907
            ],
            [
              120.9555467311386,
              14.42990714151075
            ],
            [
              120.955562522871,
              14.42983586242528
            ],
            [
              120.9555923258603,
              14.42979001871693
            ],
            [
              120.9556137372029,
              14.4297048650413
            ],
            [
              120.9557091604211,
              14.42964461740458
            ],
            [
              120.9558309211781,
              14.42964684092527
            ],
            [
              120.9559462359455,
              14.42937234773685
            ],
            [
              120.9561441160555,
              14.42908047500886
            ],
            [
              120.956250896753,
              14.42907065500473
            ],
            [
              120.9562413903733,
              14.42871778979348
            ],
            [
              120.9560608949492,
              14.42871926145615
            ],
            [
              120.9553159474462,
              14.42655298436428
            ],
            [
              120.9553707991469,
              14.42654862260005
            ],
            [
              120.9553708757401,
              14.42621408569947
            ],
            [
              120.9553567345159,
              14.42612141244252
            ],
            [
              120.9553061074657,
              14.42612488303014
            ],
            [
              120.9552929360228,
              14.42590012859975
            ],
            [
              120.9551861358367,
              14.42521408617525
            ],
            [
              120.9551621859101,
              14.42459558250952
            ],
            [
              120.9551517369375,
              14.42417983922221
            ],
            [
              120.9550245109719,
              14.42416255522073
            ],
            [
              120.9550335316949,
              14.42360350902979
            ],
            [
              120.955034987748,
              14.42359109564343
            ],
            [
              120.9550421191167,
              14.42353029809056
            ],
            [
              120.9550437875202,
              14.42351607432851
            ],
            [
              120.9549936045145,
              14.42327752269023
            ],
            [
              120.9548776620156,
              14.42329529214426
            ],
            [
              120.95502168581,
              14.42273536082019
            ],
            [
              120.9549047688996,
              14.42269693539115
            ],
            [
              120.9549725619579,
              14.42235663495692
            ],
            [
              120.9547166873176,
              14.42231558401092
            ],
            [
              120.954688366206,
              14.42197751845977
            ],
            [
              120.9546559512621,
              14.42194097161813
            ],
            [
              120.9547250146201,
              14.42187035504515
            ],
            [
              120.9547437598123,
              14.42185495857445
            ],
            [
              120.9548731329625,
              14.42123927585444
            ],
            [
              120.95492283802,
              14.42123982093198
            ],
            [
              120.9550793000311,
              14.42125322304524
            ],
            [
              120.9553186109403,
              14.42095587803499
            ],
            [
              120.9553648482694,
              14.42048313609208
            ],
            [
              120.9554991125098,
              14.41990893322746
            ],
            [
              120.9556287347593,
              14.41987944265588
            ],
            [
              120.9560073719158,
              14.41994442929435
            ],
            [
              120.9563354656549,
              14.41945767460651
            ],
            [
              120.9566027023677,
              14.41919153760651
            ],
            [
              120.9566763375961,
              14.41913148011973
            ],
            [
              120.9569094347215,
              14.41895801390246
            ],
            [
              120.9569120197205,
              14.41891444825445
            ],
            [
              120.9569420539511,
              14.41887186680333
            ],
            [
              120.9566569809695,
              14.41856787223073
            ],
            [
              120.9553988469921,
              14.41764540004561
            ],
            [
              120.9555773505074,
              14.41706323017498
            ],
            [
              120.9555335907282,
              14.4169980191773
            ],
            [
              120.95544750755,
              14.41665756577543
            ],
            [
              120.9554149835728,
              14.41652453900399
            ],
            [
              120.9553687668345,
              14.41595901252562
            ],
            [
              120.9554085040806,
              14.41582677426336
            ],
            [
              120.9557994264062,
              14.41547961808688
            ],
            [
              120.9556398472154,
              14.41528134976787
            ],
            [
              120.9551675460699,
              14.41502259763699
            ],
            [
              120.9551254544206,
              14.41499274350527
            ],
            [
              120.9551254738438,
              14.41490825122565
            ],
            [
              120.9553494856351,
              14.41464778042469
            ],
            [
              120.9553567371627,
              14.4145280840679
            ],
            [
              120.9552845255784,
              14.41439428852729
            ],
            [
              120.9550750610652,
              14.41422525735555
            ],
            [
              120.9550461937566,
              14.41409851215814
            ],
            [
              120.9550895685431,
              14.41397178184885
            ],
            [
              120.9552124029483,
              14.41387323446831
            ],
            [
              120.9554652649909,
              14.41380992000912
            ],
            [
              120.95563865759,
              14.41376067001
            ],
            [
              120.9558409593022,
              14.41365509761281
            ],
            [
              120.9558337495649,
              14.41359172661384
            ],
            [
              120.9555087535402,
              14.41318327501506
            ],
            [
              120.9554726659301,
              14.41303540454116
            ],
            [
              120.9555593776477,
              14.41294389008327
            ],
            [
              120.9558338900305,
              14.4129721131563
            ],
            [
              120.9562745496648,
              14.41304261894323
            ],
            [
              120.9566646582479,
              14.41303566004849
            ],
            [
              120.9568380515519,
              14.41297936821378
            ],
            [
              120.9568452990998,
              14.41287375459461
            ],
            [
              120.9567369752653,
              14.41269770525146
            ],
            [
              120.9567008721604,
              14.41262024535645
            ],
            [
              120.9567297856889,
              14.4125428001225
            ],
            [
              120.956975423302,
              14.41247244155569
            ],
            [
              120.9571416044698,
              14.41235981947183
            ],
            [
              120.9573005893136,
              14.4121204568543
            ],
            [
              120.9572500836239,
              14.41183176280656
            ],
            [
              120.9573006838653,
              14.41169095167412
            ],
            [
              120.9575102316614,
              14.41147272322429
            ],
            [
              120.9577919782002,
              14.41145165796887
            ],
            [
              120.9581249154377,
              14.41145931173001
            ],
            [
              120.9581810581974,
              14.41147104974973
            ],
            [
              120.9583711884865,
              14.41141062512519
            ],
            [
              120.9584772266896,
              14.41134248786148
            ],
            [
              120.9585877942648,
              14.41119519997727
            ],
            [
              120.9585697693338,
              14.41109625603247
            ],
            [
              120.9585359375593,
              14.41106766685341
            ],
            [
              120.9585336949967,
              14.41100830277411
            ],
            [
              120.9585788239933,
              14.41094894744502
            ],
            [
              120.9587322564611,
              14.41078188034087
            ],
            [
              120.9587384724727,
              14.41077679993026
            ],
            [
              120.958988003086,
              14.41057285565087
            ],
            [
              120.9591110160907,
              14.41043737694882
            ],
            [
              120.9592126583703,
              14.41021850787108
            ],
            [
              120.9592287171679,
              14.41013512508296
            ],
            [
              120.9591913277025,
              14.40994228678231
            ],
            [
              120.9592127631309,
              14.40972340155185
            ],
            [
              120.9593304647941,
              14.40941593714236
            ],
            [
              120.959378649464,
              14.40912930593539
            ],
            [
              120.9594000496545,
              14.40907198204732
            ],
            [
              120.9594000727193,
              14.40896253727419
            ],
            [
              120.9593573175923,
              14.40885829640585
            ],
            [
              120.9594108194728,
              14.40871238044618
            ],
            [
              120.959432247981,
              14.40852476549624
            ],
            [
              120.9594162378548,
              14.40837362404389
            ],
            [
              120.9591543598601,
              14.40776380781026
            ],
            [
              120.9591169818961,
              14.4075188528527
            ],
            [
              120.9590991756964,
              14.40737263786454
            ],
            [
              120.959033793146,
              14.40720332726912
            ],
            [
              120.9591083282102,
              14.40676141084471
            ],
            [
              120.9593361953306,
              14.40660974893675
            ],
            [
              120.9594400076503,
              14.40638990306437
            ],
            [
              120.9594558203693,
              14.40628436965044
            ],
            [
              120.9594377963682,
              14.40617663131778
            ],
            [
              120.9594062353008,
              14.40608208279793
            ],
            [
              120.9593836952728,
              14.40600072770023
            ],
            [
              120.9593656755011,
              14.40587320147765
            ],
            [
              120.9593747220018,
              14.40576107135071
            ],
            [
              120.9594040773244,
              14.40562036208707
            ],
            [
              120.9595688131595,
              14.40531258147159
            ],
            [
              120.959681667746,
              14.40500039320803
            ],
            [
              120.9597200566386,
              14.40480691830166
            ],
            [
              120.9597223588071,
              14.40458265485948
            ],
            [
              120.9600134414727,
              14.40415836982441
            ],
            [
              120.9601939133493,
              14.40410343895848
            ],
            [
              120.9603202547478,
              14.40401331877252
            ],
            [
              120.9605368121938,
              14.40399357238364
            ],
            [
              120.9606405612291,
              14.40407054601959
            ],
            [
              120.960737551807,
              14.40410794252328
            ],
            [
              120.9608774101193,
              14.40410137341954
            ],
            [
              120.9610556323178,
              14.40401785915691
            ],
            [
              120.9613646835754,
              14.40395855408278
            ],
            [
              120.9614707103005,
              14.40392999209672
            ],
            [
              120.9615857712682,
              14.40384426627988
            ],
            [
              120.9616872864764,
              14.40381130522336
            ],
            [
              120.9617346755105,
              14.40372116922617
            ],
            [
              120.9618204135563,
              14.40362664239277
            ],
            [
              120.9619106493169,
              14.40360027536073
            ],
            [
              120.9620736187574,
              14.40357110488366
            ],
            [
              120.9620906920811,
              14.40348357958868
            ],
            [
              120.9623910121471,
              14.403337289956
            ],
            [
              120.9625969315593,
              14.40330805924674
            ],
            [
              120.9632060388158,
              14.40359250110657
            ],
            [
              120.9633518894186,
              14.40361761594034
            ],
            [
              120.9637508879835,
              14.40340862301714
            ],
            [
              120.9638709984097,
              14.40344209522938
            ],
            [
              120.9640382692945,
              14.40362192202815
            ],
            [
              120.9641412238808,
              14.40363448415717
            ],
            [
              120.9641826440477,
              14.40361643205891
            ],
            [
              120.9641777049072,
              14.40596252420523
            ],
            [
              120.9643680226401,
              14.40599110994272
            ],
            [
              120.9644980705901,
              14.40602582188001
            ],
            [
              120.9647470144139,
              14.40615083546445
            ],
            [
              120.9648204171456,
              14.40620882021333
            ],
            [
              120.9650501456727,
              14.40636184113774
            ],
            [
              120.9651306737255,
              14.40640696984735
            ],
            [
              120.9652431225468,
              14.40651571223769
            ],
            [
              120.9659237599093,
              14.4070109019271
            ],
            [
              120.9659776783431,
              14.40678178557013
            ],
            [
              120.9661576885215,
              14.40669396277162
            ],
            [
              120.9663680115485,
              14.40666516519833
            ],
            [
              120.9664032750208,
              14.40653086252943
            ],
            [
              120.9669380120704,
              14.40671079480954
            ],
            [
              120.9669103489204,
              14.40678428903637
            ],
            [
              120.9668879531473,
              14.40687250145809
            ],
            [
              120.9668701332111,
              14.40694269197557
            ],
            [
              120.9668592203732,
              14.40700559956771
            ],
            [
              120.9667947748866,
              14.40707779959506
            ],
            [
              120.966788678841,
              14.40710788305183
            ],
            [
              120.9667551137294,
              14.40709469118299
            ],
            [
              120.9665956069969,
              14.40718093799305
            ],
            [
              120.9665567222624,
              14.40724292793703
            ],
            [
              120.9665866497422,
              14.40724940635846
            ],
            [
              120.9665572089495,
              14.40736828049548
            ],
            [
              120.9665039922341,
              14.40746677610711
            ],
            [
              120.9664632303957,
              14.40758112003987
            ],
            [
              120.9663611260616,
              14.4075067631766
            ],
            [
              120.9662900036601,
              14.4075007350307
            ],
            [
              120.9661971631437,
              14.40751545090662
            ],
            [
              120.9661394203836,
              14.40748827774398
            ],
            [
              120.9661441456948,
              14.40739791483018
            ],
            [
              120.9661346356464,
              14.40738918024597
            ],
            [
              120.9659959125793,
              14.40767449320763
            ],
            [
              120.9658661752806,
              14.40784856842059
            ],
            [
              120.9658573249401,
              14.40814351594731
            ],
            [
              120.9656356233702,
              14.40824636672421
            ],
            [
              120.9654649390967,
              14.4083783788193
            ],
            [
              120.9654578687878,
              14.40855671886743
            ],
            [
              120.9653839718846,
              14.4085687090191
            ],
            [
              120.9653822045225,
              14.40861329448206
            ],
            [
              120.9648225633397,
              14.40879935811784
            ],
            [
              120.9648272919339,
              14.40881587951849
            ],
            [
              120.964843360998,
              14.40888451493324
            ],
            [
              120.9662091967716,
              14.40959415377521
            ],
            [
              120.9651683858984,
              14.41120490491156
            ],
            [
              120.9647287398123,
              14.41096519534689
            ],
            [
              120.9639717519814,
              14.4119236033373
            ],
            [
              120.9645607757603,
              14.41212369293355
            ],
            [
              120.9645148321121,
              14.41221225428928
            ],
            [
              120.9650776970494,
              14.41227473026911
            ],
            [
              120.9652750446796,
              14.41230970127008
            ],
            [
              120.9652880579672,
              14.41229583586162
            ],
            [
              120.9665115436531,
              14.41256700808493
            ],
            [
              120.9661021419884,
              14.41377675228431
            ],
            [
              120.9660614362269,
              14.41378902491806
            ],
            [
              120.9650974285598,
              14.41358375305459
            ],
            [
              120.9649880322466,
              14.41354803641707
            ],
            [
              120.964860663233,
              14.41353534831565
            ],
            [
              120.9647945688949,
              14.41354941849907
            ],
            [
              120.9646617907135,
              14.41359566271385
            ],
            [
              120.9645845690503,
              14.41363911575118
            ],
            [
              120.9644807492534,
              14.41371039519477
            ],
            [
              120.96434460404,
              14.41384316457917
            ],
            [
              120.9642987264992,
              14.41389855569703
            ],
            [
              120.9642364908164,
              14.41399069147623
            ],
            [
              120.9641499180332,
              14.41412403455417
            ],
            [
              120.9641021229517,
              14.41417762482843
            ],
            [
              120.964005130067,
              14.41426786885344
            ],
            [
              120.963684273249,
              14.41448548533756
            ],
            [
              120.9635518494825,
              14.414579857807
            ],
            [
              120.9635001425315,
              14.41462875719274
            ],
            [
              120.9634328242327,
              14.41471685886925
            ],
            [
              120.9633707977712,
              14.414827059592
            ],
            [
              120.9632057980398,
              14.41527650301563
            ],
            [
              120.9631405632819,
              14.41541202790047
            ],
            [
              120.9629628748044,
              14.4156645906748
            ],
            [
              120.9629556315873,
              14.4156861839857
            ],
            [
              120.9628927132928,
              14.41582080718905
            ],
            [
              120.9628433177164,
              14.41596044018373
            ],
            [
              120.9628160761198,
              14.41610384631515
            ],
            [
              120.9628042653823,
              14.41626397643215
            ],
            [
              120.9615875843391,
              14.41586617672406
            ],
            [
              120.9616044496849,
              14.41589246012623
            ],
            [
              120.9616049121811,
              14.41592143023686
            ],
            [
              120.9614614916012,
              14.41629293981348
            ],
            [
              120.9611218311676,
              14.41675953117819
            ],
            [
              120.9610373473398,
              14.41693064061753
            ],
            [
              120.9609794792424,
              14.41710922997087
            ],
            [
              120.9609572700668,
              14.41719813955041
            ],
            [
              120.960941038977,
              14.41729482153915
            ],
            [
              120.9608906108619,
              14.41766034267674
            ],
            [
              120.9608882209632,
              14.41769696056147
            ],
            [
              120.9605648148888,
              14.41767266011265
            ],
            [
              120.9605485399104,
              14.41798617792233
            ],
            [
              120.9605178766607,
              14.4180113964139
            ],
            [
              120.9605031306851,
              14.41843820596432
            ],
            [
              120.960522966221,
              14.41846575449738
            ],
            [
              120.9604688821502,
              14.4191157651789
            ],
            [
              120.960531981902,
              14.41914740935974
            ],
            [
              120.9603208113323,
              14.41980182436656
            ],
            [
              120.9599251662177,
              14.41969530782909
            ],
            [
              120.959612405898,
              14.4204424129236
            ],
            [
              120.9594663783421,
              14.42069241414353
            ],
            [
              120.9594392358589,
              14.42070894092399
            ],
            [
              120.9593882492341,
              14.42072609923084
            ],
            [
              120.9593130934102,
              14.42090410799597
            ],
            [
              120.9592739625749,
              14.42088990978764
            ],
            [
              120.9590423908982,
              14.4215037431746
            ],
            [
              120.9589764642561,
              14.42181089219902
            ],
            [
              120.9590004130374,
              14.42181587993053
            ],
            [
              120.9589091848516,
              14.42222021686586
            ],
            [
              120.9588323392674,
              14.42222922617971
            ],
            [
              120.9588345754478,
              14.42229327843777
            ],
            [
              120.9587603291114,
              14.42230324000263
            ],
            [
              120.9587528741854,
              14.42250100044441
            ],
            [
              120.9587717760741,
              14.42258017649061
            ],
            [
              120.9587636472821,
              14.42271122768814
            ],
            [
              120.9585246393241,
              14.42332464409049
            ],
            [
              120.958356051707,
              14.42337623086127
            ],
            [
              120.9581527850374,
              14.42370155123771
            ],
            [
              120.9581378794447,
              14.42372507613054
            ],
            [
              120.9583662541603,
              14.42400791855546
            ],
            [
              120.9584623626146,
              14.42403261857253
            ],
            [
              120.9593503023898,
              14.42413928650778
            ],
            [
              120.9591563544341,
              14.42702725250104
            ],
            [
              120.9588358625576,
              14.42794603426943
            ],
            [
              120.9587562717211,
              14.42867829229529
            ],
            [
              120.9583837964851,
              14.42990181067861
            ],
            [
              120.9584143836622,
              14.43013194799822
            ],
            [
              120.9576987093839,
              14.43223150572241
            ],
            [
              120.9563668128624,
              14.43228653974863
            ]
          ]
        ],
        "type": "Polygon"
      }
    },
    {
      "type": "Feature",
      "properties": {
        "name_kml": "Mambog 4",
        "name_db": "MAMBOG IV",
        "centroid_lat": 14.42038,
        "centroid_lng": 120.963227
      },
      "geometry": {
        "coordinates": [
          [
            [
              120.9655584276529,
              14.40831618707635
            ],
            [
              120.9657320426951,
              14.40854726715466
            ],
            [
              120.9658211738391,
              14.40853014749809
            ],
            [
              120.968306509894,
              14.4100566561062
            ],
            [
              120.968783114567,
              14.40893452274222
            ],
            [
              120.969338546241,
              14.40946022693296
            ],
            [
              120.9694758222482,
              14.4095607164304
            ],
            [
              120.9681796645539,
              14.41249805780501
            ],
            [
              120.9679778299736,
              14.4130329084001
            ],
            [
              120.9677722504772,
              14.41354105289662
            ],
            [
              120.9674009143339,
              14.41482040487398
            ],
            [
              120.967229029646,
              14.41555573996348
            ],
            [
              120.9671982789537,
              14.41601010589752
            ],
            [
              120.9672963445203,
              14.41647047190303
            ],
            [
              120.9673514681071,
              14.41694876639872
            ],
            [
              120.9673452379661,
              14.4174958041551
            ],
            [
              120.9673795207604,
              14.41823761037363
            ],
            [
              120.9673830635978,
              14.41902319445094
            ],
            [
              120.9673572595508,
              14.41925276705307
            ],
            [
              120.9672651362206,
              14.41987691386014
            ],
            [
              120.9670147595285,
              14.42043646555796
            ],
            [
              120.9667680500222,
              14.42106417321245
            ],
            [
              120.9665860907765,
              14.42108259913049
            ],
            [
              120.9657213250399,
              14.42299452494407
            ],
            [
              120.9656644740325,
              14.42308819834791
            ],
            [
              120.965376448988,
              14.42308775883772
            ],
            [
              120.9652596346623,
              14.4234359420722
            ],
            [
              120.9653156520305,
              14.42347331345931
            ],
            [
              120.965273998933,
              14.4235886645087
            ],
            [
              120.9652579996187,
              14.42370645983979
            ],
            [
              120.9650219182179,
              14.42368800274934
            ],
            [
              120.9649653083396,
              14.424032887715
            ],
            [
              120.9650649533753,
              14.4240653081752
            ],
            [
              120.9650315231745,
              14.42426064921026
            ],
            [
              120.9656602474617,
              14.4243659465665
            ],
            [
              120.9655356696155,
              14.42465158424657
            ],
            [
              120.9653021854199,
              14.42490596104855
            ],
            [
              120.9647611334804,
              14.42483425226156
            ],
            [
              120.9647770739623,
              14.4245969605962
            ],
            [
              120.9642785370374,
              14.42453706923486
            ],
            [
              120.9642358774351,
              14.42500324731895
            ],
            [
              120.9641745574903,
              14.42527915622351
            ],
            [
              120.964628716364,
              14.42531044020124
            ],
            [
              120.9650155396505,
              14.42540536053683
            ],
            [
              120.9646280369115,
              14.42601548134243
            ],
            [
              120.9645658727193,
              14.42637969774259
            ],
            [
              120.9644480112632,
              14.42680582851694
            ],
            [
              120.9643581316993,
              14.42718317918061
            ],
            [
              120.9643256582386,
              14.42762510856562
            ],
            [
              120.9643270591863,
              14.42800247556023
            ],
            [
              120.9643432086666,
              14.42824353401475
            ],
            [
              120.9643740801499,
              14.42848889966727
            ],
            [
              120.9644049668601,
              14.42865391346545
            ],
            [
              120.9644402718091,
              14.42881175377639
            ],
            [
              120.9644917705515,
              14.4289767712486
            ],
            [
              120.9645741678877,
              14.42924510373939
            ],
            [
              120.9646551017477,
              14.42946752059616
            ],
            [
              120.9653795033951,
              14.4308284513389
            ],
            [
              120.9652693113614,
              14.43094504494483
            ],
            [
              120.9649578420549,
              14.43130165000823
            ],
            [
              120.9649729119429,
              14.43146471557448
            ],
            [
              120.9639731894007,
              14.43177078448425
            ],
            [
              120.9637761206704,
              14.43281790609747
            ],
            [
              120.9635791292322,
              14.43277366657783
            ],
            [
              120.9630994517934,
              14.43269507195142
            ],
            [
              120.9626492874561,
              14.43268304405594
            ],
            [
              120.9621476526094,
              14.4327259095429
            ],
            [
              120.9605705508754,
              14.43293481726678
            ],
            [
              120.9606120876044,
              14.43309431935168
            ],
            [
              120.9606095964075,
              14.43358183376492
            ],
            [
              120.9598861265383,
              14.43351125574513
            ],
            [
              120.9597035376396,
              14.43354421333606
            ],
            [
              120.9596268065552,
              14.43310899396876
            ],
            [
              120.959582404509,
              14.43297268646635
            ],
            [
              120.9590407310153,
              14.43288475395324
            ],
            [
              120.9590440571086,
              14.43283968719856
            ],
            [
              120.9577043380989,
              14.43274423180377
            ],
            [
              120.9577238850184,
              14.43249672835963
            ],
            [
              120.957651023494,
              14.43247760507699
            ],
            [
              120.9576987093839,
              14.43223150572241
            ],
            [
              120.9584143836622,
              14.43013194799822
            ],
            [
              120.9583837964851,
              14.42990181067861
            ],
            [
              120.9587562717211,
              14.42867829229529
            ],
            [
              120.9588358625576,
              14.42794603426943
            ],
            [
              120.9591563544341,
              14.42702725250104
            ],
            [
              120.9593503023898,
              14.42413928650778
            ],
            [
              120.9584623626146,
              14.42403261857253
            ],
            [
              120.9583662541603,
              14.42400791855546
            ],
            [
              120.9581378794447,
              14.42372507613054
            ],
            [
              120.958356051707,
              14.42337623086127
            ],
            [
              120.9585246393241,
              14.42332464409049
            ],
            [
              120.9587636472821,
              14.42271122768814
            ],
            [
              120.9587717760741,
              14.42258017649061
            ],
            [
              120.9587528741854,
              14.42250100044441
            ],
            [
              120.9587603291114,
              14.42230324000263
            ],
            [
              120.9588345754478,
              14.42229327843777
            ],
            [
              120.9588323392674,
              14.42222922617971
            ],
            [
              120.9589091848516,
              14.42222021686586
            ],
            [
              120.9590004130374,
              14.42181587993053
            ],
            [
              120.9589764642561,
              14.42181089219902
            ],
            [
              120.9590423908982,
              14.4215037431746
            ],
            [
              120.9592739625749,
              14.42088990978764
            ],
            [
              120.9593130934102,
              14.42090410799597
            ],
            [
              120.9593882492341,
              14.42072609923084
            ],
            [
              120.9594392358589,
              14.42070894092399
            ],
            [
              120.9594663783421,
              14.42069241414353
            ],
            [
              120.959612405898,
              14.4204424129236
            ],
            [
              120.9599251662177,
              14.41969530782909
            ],
            [
              120.9603208113323,
              14.41980182436656
            ],
            [
              120.960531981902,
              14.41914740935974
            ],
            [
              120.9604688821502,
              14.4191157651789
            ],
            [
              120.960522966221,
              14.41846575449738
            ],
            [
              120.9605031306851,
              14.41843820596432
            ],
            [
              120.9605178766607,
              14.4180113964139
            ],
            [
              120.9605485399104,
              14.41798617792233
            ],
            [
              120.9605648148887,
              14.41767266011265
            ],
            [
              120.9608882209632,
              14.41769696056147
            ],
            [
              120.9608906108619,
              14.41766034267674
            ],
            [
              120.960941038977,
              14.41729482153915
            ],
            [
              120.9609572700667,
              14.41719813955041
            ],
            [
              120.9609794792424,
              14.41710922997087
            ],
            [
              120.9610373473397,
              14.41693064061749
            ],
            [
              120.9611218311676,
              14.41675953117819
            ],
            [
              120.9614614916012,
              14.41629293981348
            ],
            [
              120.9616049121811,
              14.41592143023686
            ],
            [
              120.9616044496849,
              14.41589246012623
            ],
            [
              120.9615875843391,
              14.41586617672406
            ],
            [
              120.9628042653823,
              14.41626397643215
            ],
            [
              120.9628160761198,
              14.41610384631515
            ],
            [
              120.9628433177164,
              14.41596044018373
            ],
            [
              120.9628927132928,
              14.41582080718905
            ],
            [
              120.9629556315873,
              14.4156861839857
            ],
            [
              120.9629628748044,
              14.4156645906748
            ],
            [
              120.9631405632819,
              14.41541202790047
            ],
            [
              120.9632057980398,
              14.41527650301563
            ],
            [
              120.9633707977712,
              14.414827059592
            ],
            [
              120.9634328242327,
              14.41471685886925
            ],
            [
              120.9635001425315,
              14.41462875719274
            ],
            [
              120.9635518494824,
              14.414579857807
            ],
            [
              120.963684273249,
              14.41448548533756
            ],
            [
              120.964005130067,
              14.41426786885344
            ],
            [
              120.9641021229517,
              14.41417762482843
            ],
            [
              120.9641499180332,
              14.41412403455417
            ],
            [
              120.9642364908164,
              14.41399069147623
            ],
            [
              120.9642987264992,
              14.41389855569703
            ],
            [
              120.96434460404,
              14.41384316457917
            ],
            [
              120.9644807492533,
              14.41371039519477
            ],
            [
              120.9645845690503,
              14.41363911575118
            ],
            [
              120.9646617907135,
              14.41359566271385
            ],
            [
              120.9647945688949,
              14.41354941849907
            ],
            [
              120.9648606632329,
              14.41353534831565
            ],
            [
              120.9649880322466,
              14.41354803641707
            ],
            [
              120.9650974285598,
              14.41358375305459
            ],
            [
              120.9660614362269,
              14.41378902491806
            ],
            [
              120.9661021419884,
              14.41377675228431
            ],
            [
              120.9665115436531,
              14.41256700808493
            ],
            [
              120.9652880579672,
              14.41229583586162
            ],
            [
              120.9652750446796,
              14.41230970127008
            ],
            [
              120.9650776970494,
              14.41227473026911
            ],
            [
              120.9645148321121,
              14.41221225428928
            ],
            [
              120.9645607757603,
              14.41212369293355
            ],
            [
              120.9639717519814,
              14.4119236033373
            ],
            [
              120.9647287398123,
              14.41096519534689
            ],
            [
              120.9651683858984,
              14.41120490491156
            ],
            [
              120.9662091967716,
              14.40959415377521
            ],
            [
              120.964843360998,
              14.40888451493324
            ],
            [
              120.9648272919339,
              14.40881587951849
            ],
            [
              120.9648225633397,
              14.40879935811784
            ],
            [
              120.9653822045225,
              14.40861329448206
            ],
            [
              120.9653839718846,
              14.4085687090191
            ],
            [
              120.9654578687878,
              14.40855671886743
            ],
            [
              120.9654649390967,
              14.4083783788193
            ],
            [
              120.9655520024403,
              14.40831104157616
            ],
            [
              120.9655584276529,
              14.40831618707635
            ]
          ]
        ],
        "type": "Polygon"
      }
    },
    {
      "type": "Feature",
      "properties": {
        "name_kml": "Molino 1",
        "name_db": "MOLINO I",
        "centroid_lat": 14.420261,
        "centroid_lng": 120.973526
      },
      "geometry": {
        "coordinates": [
          [
            [
              120.9756826760033,
              14.41624655632779
            ],
            [
              120.9756902596376,
              14.41648410212535
            ],
            [
              120.9758425564215,
              14.41672166596407
            ],
            [
              120.9761547756216,
              14.41712998575285
            ],
            [
              120.9762288589046,
              14.41732592801218
            ],
            [
              120.9762084595836,
              14.41757790455625
            ],
            [
              120.9763013048017,
              14.41816358872154
            ],
            [
              120.9765242898553,
              14.4184353201674
            ],
            [
              120.9775526235062,
              14.41877960703438
            ],
            [
              120.9780296145608,
              14.41899702823298
            ],
            [
              120.9782216363349,
              14.41919630033145
            ],
            [
              120.9781927672577,
              14.41995344540397
            ],
            [
              120.9786612354019,
              14.421206957166
            ],
            [
              120.9791494908628,
              14.42173662843864
            ],
            [
              120.9792744707726,
              14.42187119283826
            ],
            [
              120.9792496694786,
              14.42204628806178
            ],
            [
              120.9791133643311,
              14.42213683916532
            ],
            [
              120.9787044803994,
              14.42217301892522
            ],
            [
              120.9785805408589,
              14.42246282090152
            ],
            [
              120.9787128496819,
              14.42358117459018
            ],
            [
              120.9787289709242,
              14.42452322503415
            ],
            [
              120.9787117077823,
              14.42481702920039
            ],
            [
              120.9784877453367,
              14.4249597077468
            ],
            [
              120.9782896368121,
              14.42498486779477
            ],
            [
              120.9782035010503,
              14.42501004031296
            ],
            [
              120.978065639633,
              14.42539616832848
            ],
            [
              120.9779880778071,
              14.42572354289645
            ],
            [
              120.9777769355164,
              14.42569268882056
            ],
            [
              120.9749966243215,
              14.42522602706872
            ],
            [
              120.9748928399897,
              14.42514381483869
            ],
            [
              120.9747277480927,
              14.42512513991417
            ],
            [
              120.9746660853765,
              14.42427215239203
            ],
            [
              120.974434129401,
              14.42428656061765
            ],
            [
              120.974438176256,
              14.42253519082793
            ],
            [
              120.9729189457045,
              14.4224439603512
            ],
            [
              120.9729024155799,
              14.42247243722398
            ],
            [
              120.9728377723538,
              14.42265220344437
            ],
            [
              120.9725635615713,
              14.42257924001619
            ],
            [
              120.9724308284642,
              14.42257295534241
            ],
            [
              120.9721194217259,
              14.42249001207791
            ],
            [
              120.9716147100755,
              14.42245704402518
            ],
            [
              120.9714927470143,
              14.42218995170636
            ],
            [
              120.9714854674226,
              14.42219310955578
            ],
            [
              120.9714761730576,
              14.42219341005337
            ],
            [
              120.9699516996821,
              14.42176202170145
            ],
            [
              120.9700647977702,
              14.42153730728282
            ],
            [
              120.9700770118158,
              14.42135918771716
            ],
            [
              120.9698435254074,
              14.42110384344515
            ],
            [
              120.9699430368979,
              14.42105240220661
            ],
            [
              120.9699653794459,
              14.42101876008575
            ],
            [
              120.9700039909328,
              14.42084460345864
            ],
            [
              120.9700283608663,
              14.42083273163639
            ],
            [
              120.9700001652089,
              14.42077249146654
            ],
            [
              120.9699199728181,
              14.42070158235795
            ],
            [
              120.9699191585394,
              14.4206282714315
            ],
            [
              120.9699960444588,
              14.42055376415516
            ],
            [
              120.9699946514507,
              14.42044088735937
            ],
            [
              120.9698886494883,
              14.42030014955056
            ],
            [
              120.9699495544829,
              14.42016996751225
            ],
            [
              120.969977417186,
              14.41992392105056
            ],
            [
              120.9699473513734,
              14.41985085593353
            ],
            [
              120.9698159516353,
              14.41979407041388
            ],
            [
              120.9697935168898,
              14.4197499952504
            ],
            [
              120.9697704079864,
              14.41959655073559
            ],
            [
              120.9697851265009,
              14.41955677304421
            ],
            [
              120.9697697424077,
              14.41929630170655
            ],
            [
              120.9700060979387,
              14.41918933604334
            ],
            [
              120.969917248932,
              14.41888148822418
            ],
            [
              120.9701156278218,
              14.41826861136176
            ],
            [
              120.9697152139285,
              14.41801476606366
            ],
            [
              120.9696301227004,
              14.41792630177701
            ],
            [
              120.9697098979083,
              14.41774097874349
            ],
            [
              120.9694768777176,
              14.41726265684947
            ],
            [
              120.969685000358,
              14.41680060154174
            ],
            [
              120.9699264533271,
              14.41551415219049
            ],
            [
              120.9710307782202,
              14.41539429911795
            ],
            [
              120.9710483686026,
              14.41557425812924
            ],
            [
              120.9713766086264,
              14.41555984141342
            ],
            [
              120.9727745198707,
              14.41610674122362
            ],
            [
              120.9732478829416,
              14.4160753368731
            ],
            [
              120.9732623650743,
              14.41607899768635
            ],
            [
              120.9732722103147,
              14.41609552135786
            ],
            [
              120.9732568103494,
              14.41627675536962
            ],
            [
              120.9744654478449,
              14.4162573443284
            ],
            [
              120.9746366595249,
              14.41629446050722
            ],
            [
              120.9756150728219,
              14.41617951561865
            ],
            [
              120.9757005074821,
              14.4161802360588
            ],
            [
              120.9756826760033,
              14.41624655632779
            ]
          ]
        ],
        "type": "Polygon"
      }
    },
    {
      "type": "Feature",
      "properties": {
        "name_kml": "Molino 6",
        "name_db": "MOLINO VI",
        "centroid_lat": 14.414744,
        "centroid_lng": 120.983866
      },
      "geometry": {
        "coordinates": [
          [
            [
              120.9757969924947,
              14.4157417903995
            ],
            [
              120.975781818926,
              14.41531123933374
            ],
            [
              120.975918997199,
              14.41470997280409
            ],
            [
              120.9763151894324,
              14.41367819048007
            ],
            [
              120.9771073485849,
              14.41324031860455
            ],
            [
              120.9771511508431,
              14.41318001052586
            ],
            [
              120.9772197563999,
              14.41272905568148
            ],
            [
              120.977316889817,
              14.41253977465898
            ],
            [
              120.9775568199313,
              14.41241732074985
            ],
            [
              120.9778138784136,
              14.41235611050505
            ],
            [
              120.978259426353,
              14.41241183869108
            ],
            [
              120.9786078734287,
              14.41240074591574
            ],
            [
              120.9788021028707,
              14.41230055422992
            ],
            [
              120.9789791786515,
              14.41232284490618
            ],
            [
              120.9790820174036,
              14.41217810348545
            ],
            [
              120.9792705391636,
              14.41202780429664
            ],
            [
              120.9794519294842,
              14.41129928091174
            ],
            [
              120.9795565412248,
              14.4113679455912
            ],
            [
              120.9796579011733,
              14.41129854011599
            ],
            [
              120.9797352248835,
              14.41128557064394
            ],
            [
              120.9798519157878,
              14.41124582650552
            ],
            [
              120.979892083245,
              14.41107959680899
            ],
            [
              120.9799488873481,
              14.4110444861594
            ],
            [
              120.9809475723804,
              14.41074710287552
            ],
            [
              120.9817037185388,
              14.4104983126977
            ],
            [
              120.9819831027847,
              14.41028155756238
            ],
            [
              120.982504297101,
              14.40970862946278
            ],
            [
              120.9828992854852,
              14.40933606069798
            ],
            [
              120.9830574852379,
              14.40943820605627
            ],
            [
              120.983157512372,
              14.40935351667932
            ],
            [
              120.9832955027692,
              14.40943163597971
            ],
            [
              120.983345854866,
              14.40941054272145
            ],
            [
              120.9840872358008,
              14.40957376327488
            ],
            [
              120.9841789812726,
              14.40963751408224
            ],
            [
              120.9844080967961,
              14.40915694318476
            ],
            [
              120.9843984469832,
              14.40892293496508
            ],
            [
              120.987359028931,
              14.4083509958385
            ],
            [
              120.9874489672523,
              14.40856880546463
            ],
            [
              120.9880972693266,
              14.408486988184
            ],
            [
              120.9878279464404,
              14.4091591951405
            ],
            [
              120.9879121725892,
              14.40952757929037
            ],
            [
              120.9878182741446,
              14.40966835381412
            ],
            [
              120.9879241497984,
              14.41024087217304
            ],
            [
              120.9879891148938,
              14.4106397576927
            ],
            [
              120.986763754654,
              14.41081328792764
            ],
            [
              120.9867183144203,
              14.41082765522507
            ],
            [
              120.9865214894666,
              14.41109336350161
            ],
            [
              120.9867453534067,
              14.41132391178464
            ],
            [
              120.9870504511889,
              14.41172868363444
            ],
            [
              120.9870685032749,
              14.41176739952441
            ],
            [
              120.9867835432023,
              14.41209957266553
            ],
            [
              120.9868138847328,
              14.41220907910404
            ],
            [
              120.9866200244218,
              14.4124355331687
            ],
            [
              120.9865321929154,
              14.41253813159062
            ],
            [
              120.9869272682927,
              14.41293381944674
            ],
            [
              120.9873958577313,
              14.41348759781362
            ],
            [
              120.9874793034544,
              14.41361274283069
            ],
            [
              120.987594804332,
              14.41423844686672
            ],
            [
              120.9876172562833,
              14.41443867107669
            ],
            [
              120.9876621900252,
              14.41448872962184
            ],
            [
              120.9877392251393,
              14.4145075068632
            ],
            [
              120.9877970015201,
              14.41452941074603
            ],
            [
              120.9879510733797,
              14.41454819406872
            ],
            [
              120.9880345261638,
              14.41458574186592
            ],
            [
              120.9881725476369,
              14.4146232948225
            ],
            [
              120.9882656332801,
              14.41462330210308
            ],
            [
              120.9883330407325,
              14.41462956376546
            ],
            [
              120.9883458767103,
              14.41467023506307
            ],
            [
              120.988358710392,
              14.41473906292984
            ],
            [
              120.9884164836723,
              14.41478912232667
            ],
            [
              120.9884903022497,
              14.41489549608579
            ],
            [
              120.9886347358847,
              14.41502377448309
            ],
            [
              120.9887181893862,
              14.41506758025798
            ],
            [
              120.988792010944,
              14.41513954003496
            ],
            [
              120.9888369398601,
              14.41525529701444
            ],
            [
              120.9888240841457,
              14.41544926110491
            ],
            [
              120.9887759223592,
              14.41562445237444
            ],
            [
              120.9886956673795,
              14.41572768521396
            ],
            [
              120.9886475120542,
              14.41580902213256
            ],
            [
              120.988628247164,
              14.41588723214215
            ],
            [
              120.9885736715429,
              14.41598108228201
            ],
            [
              120.9885672372349,
              14.41615627669838
            ],
            [
              120.988547965034,
              14.41631269817803
            ],
            [
              120.9885126491007,
              14.4164034215731
            ],
            [
              120.9884131407681,
              14.41642531314254
            ],
            [
              120.9882943756633,
              14.41641279019247
            ],
            [
              120.9882366053381,
              14.41632205957429
            ],
            [
              120.9881595716266,
              14.41627825504129
            ],
            [
              120.9880953739693,
              14.41627512178879
            ],
            [
              120.9880568457535,
              14.41638461500316
            ],
            [
              120.9881210193567,
              14.41667869582886
            ],
            [
              120.9881145954467,
              14.4167350084543
            ],
            [
              120.9880503937598,
              14.41677880189429
            ],
            [
              120.9880086581539,
              14.41686013827788
            ],
            [
              120.9880471578737,
              14.41709477664857
            ],
            [
              120.9880920925026,
              14.41714170779922
            ],
            [
              120.9882108517964,
              14.41722931411754
            ],
            [
              120.9882333081988,
              14.41738573972289
            ],
            [
              120.9882814451133,
              14.4175233962852
            ],
            [
              120.9882750184941,
              14.41760160725498
            ],
            [
              120.9882846331853,
              14.41778618750782
            ],
            [
              120.9882801602272,
              14.41781559810909
            ],
            [
              120.9882485651252,
              14.41781671475207
            ],
            [
              120.985976682078,
              14.41779403602741
            ],
            [
              120.9859904457241,
              14.41808005790643
            ],
            [
              120.9854418100522,
              14.41897028415935
            ],
            [
              120.9853787155943,
              14.41899273177468
            ],
            [
              120.982931704853,
              14.41883175221703
            ],
            [
              120.9826496559329,
              14.4187883463684
            ],
            [
              120.9820687605958,
              14.41910923440774
            ],
            [
              120.9819877246896,
              14.41936743257746
            ],
            [
              120.9811225603035,
              14.41994180312151
            ],
            [
              120.9826162398222,
              14.42058455726722
            ],
            [
              120.9830301358569,
              14.42067713106628
            ],
            [
              120.982783282607,
              14.42145111227489
            ],
            [
              120.9820710080544,
              14.42122579477583
            ],
            [
              120.9818280678853,
              14.42122458889595
            ],
            [
              120.9796164567925,
              14.42119736768563
            ],
            [
              120.9792129249565,
              14.42151192210026
            ],
            [
              120.9792763147277,
              14.42164113941339
            ],
            [
              120.9791494908628,
              14.42173662843864
            ],
            [
              120.9786612354019,
              14.421206957166
            ],
            [
              120.9781927672577,
              14.41995344540397
            ],
            [
              120.9782216363349,
              14.41919630033145
            ],
            [
              120.9780296145608,
              14.41899702823298
            ],
            [
              120.9775526235062,
              14.41877960703438
            ],
            [
              120.9765242898553,
              14.4184353201674
            ],
            [
              120.9763013048017,
              14.41816358872154
            ],
            [
              120.9762084595836,
              14.41757790455625
            ],
            [
              120.9762288589046,
              14.41732592801218
            ],
            [
              120.9761547756216,
              14.41712998575285
            ],
            [
              120.9758425564215,
              14.41672166596407
            ],
            [
              120.9756902596376,
              14.41648410212535
            ],
            [
              120.9756826760033,
              14.41624655632779
            ],
            [
              120.9757005074821,
              14.4161802360588
            ],
            [
              120.9757969924947,
              14.4157417903995
            ]
          ]
        ],
        "type": "Polygon"
      }
    },
    {
      "type": "Feature",
      "properties": {
        "name_kml": "Molino 5",
        "name_db": "MOLINO V",
        "centroid_lat": 14.398031,
        "centroid_lng": 120.970305
      },
      "geometry": {
        "coordinates": [
          [
            [
              120.9752395153761,
              14.3980281614192
            ],
            [
              120.9749011483696,
              14.39808805017115
            ],
            [
              120.9748867239965,
              14.39817561282156
            ],
            [
              120.9748136554726,
              14.39825874776146
            ],
            [
              120.9747699448124,
              14.39901497071483
            ],
            [
              120.9757877067623,
              14.39898681923077
            ],
            [
              120.9756778077977,
              14.39931956923444
            ],
            [
              120.9754760508437,
              14.3999287582362
            ],
            [
              120.9745526304177,
              14.39986911531372
            ],
            [
              120.9745222991372,
              14.39989674175206
            ],
            [
              120.9744537098876,
              14.39995921164784
            ],
            [
              120.9741563501557,
              14.40049520293967
            ],
            [
              120.9745001877143,
              14.40086664836229
            ],
            [
              120.9741801741809,
              14.40134195958819
            ],
            [
              120.9738330352975,
              14.4011600921739
            ],
            [
              120.9733183891957,
              14.4011627921485
            ],
            [
              120.9730640902365,
              14.40096189537952
            ],
            [
              120.9724733708823,
              14.40079739020772
            ],
            [
              120.972926954138,
              14.39883402949299
            ],
            [
              120.9728018836304,
              14.39863994598241
            ],
            [
              120.97203788151,
              14.39881487123461
            ],
            [
              120.972120608076,
              14.39914738020796
            ],
            [
              120.9713312016353,
              14.40033126610948
            ],
            [
              120.9710471365932,
              14.4002218282768
            ],
            [
              120.9708060200647,
              14.40105022510769
            ],
            [
              120.9684632342609,
              14.40057758482162
            ],
            [
              120.9682120089758,
              14.40067681268271
            ],
            [
              120.967434133253,
              14.40152154571687
            ],
            [
              120.9670013043827,
              14.4012678761494
            ],
            [
              120.9666862003991,
              14.40117361530407
            ],
            [
              120.9664151965467,
              14.40110508463166
            ],
            [
              120.9661430095067,
              14.40095142454656
            ],
            [
              120.9660497614465,
              14.40082478156314
            ],
            [
              120.9659498620166,
              14.40063644812214
            ],
            [
              120.9659199023788,
              14.40052604995877
            ],
            [
              120.9659632229409,
              14.40043514592055
            ],
            [
              120.9661397894678,
              14.40033777154786
            ],
            [
              120.9661897681189,
              14.40026634919475
            ],
            [
              120.966359677594,
              14.40013650466626
            ],
            [
              120.9664796161828,
              14.40002937962047
            ],
            [
              120.9665762205439,
              14.40001316206549
            ],
            [
              120.9667694220696,
              14.40002618213991
            ],
            [
              120.9669293231492,
              14.39997750627521
            ],
            [
              120.9670059471074,
              14.39992881633245
            ],
            [
              120.967142561083,
              14.3997048075142
            ],
            [
              120.9672125159838,
              14.39969183185101
            ],
            [
              120.9673724053583,
              14.39970809247926
            ],
            [
              120.9674356991024,
              14.39969186902788
            ],
            [
              120.9676889023882,
              14.39945813847944
            ],
            [
              120.9677788418991,
              14.39945815330506
            ],
            [
              120.9679520851774,
              14.39930233344928
            ],
            [
              120.9681819819551,
              14.39899716851288
            ],
            [
              120.9682986154253,
              14.39873094614973
            ],
            [
              120.9685085331014,
              14.39837382818936
            ],
            [
              120.9685385393404,
              14.39822123131766
            ],
            [
              120.9684785973681,
              14.39811732274512
            ],
            [
              120.9682554547147,
              14.39789000728862
            ],
            [
              120.9682055084125,
              14.39777960704076
            ],
            [
              120.9682321719027,
              14.39769194646444
            ],
            [
              120.9684353911141,
              14.39754587185103
            ],
            [
              120.9685353311595,
              14.39749393855853
            ],
            [
              120.9685719878809,
              14.39740627955447
            ],
            [
              120.9685986561405,
              14.39728939759584
            ],
            [
              120.9684854129798,
              14.39721794927842
            ],
            [
              120.9684854207134,
              14.39717249306019
            ],
            [
              120.9685387467579,
              14.39700041934943
            ],
            [
              120.968551537654,
              14.39687000638536
            ],
            [
              120.9686271019589,
              14.39651070183185
            ],
            [
              120.9687026259391,
              14.39639382771487
            ],
            [
              120.9687292947412,
              14.39627261630891
            ],
            [
              120.9687382042676,
              14.39611244086165
            ],
            [
              120.9687471071983,
              14.39599122659754
            ],
            [
              120.968747130604,
              14.39585269502429
            ],
            [
              120.9687649219994,
              14.3957011780333
            ],
            [
              120.9688804228623,
              14.39554967759226
            ],
            [
              120.9689292916377,
              14.39547176121983
            ],
            [
              120.9689870440542,
              14.39538085888957
            ],
            [
              120.9691602811746,
              14.39523802545085
            ],
            [
              120.9693557247716,
              14.39509952481429
            ],
            [
              120.9694667653226,
              14.39505625080967
            ],
            [
              120.9696488587998,
              14.39507359620171
            ],
            [
              120.9697288096787,
              14.39503464662279
            ],
            [
              120.9699914414807,
              14.39481119622608
            ],
            [
              120.9702679482497,
              14.39460668776664
            ],
            [
              120.9704311858576,
              14.39449956732448
            ],
            [
              120.9706743733762,
              14.3943502502513
            ],
            [
              120.9708176256534,
              14.39423338574347
            ],
            [
              120.971047213182,
              14.39465257119725
            ],
            [
              120.9723333088227,
              14.39362531456681
            ],
            [
              120.972551138064,
              14.39329651502966
            ],
            [
              120.9734039134627,
              14.39366527523639
            ],
            [
              120.9730368769536,
              14.39433957418478
            ],
            [
              120.9730422694811,
              14.3943429923949
            ],
            [
              120.9740980263681,
              14.39413346698212
            ],
            [
              120.9740332314483,
              14.39514539008927
            ],
            [
              120.972585299939,
              14.39533465096576
            ],
            [
              120.9721910333786,
              14.39594896446595
            ],
            [
              120.9721312052011,
              14.39614699472106
            ],
            [
              120.9738452948055,
              14.39623723869072
            ],
            [
              120.9735391109131,
              14.396659398691
            ],
            [
              120.9740564689562,
              14.39682430327658
            ],
            [
              120.9740535956445,
              14.39721746593949
            ],
            [
              120.9752931793336,
              14.39782447964551
            ],
            [
              120.9752395153761,
              14.3980281614192
            ]
          ]
        ],
        "type": "Polygon"
      }
    },
    {
      "type": "Feature",
      "properties": {
        "name_kml": "Molino 2",
        "name_db": "MOLINO II",
        "centroid_lat": 14.410017,
        "centroid_lng": 120.976886
      },
      "geometry": {
        "coordinates": [
          [
            [
              120.9747909346696,
              14.40671799175858
            ],
            [
              120.9752482688996,
              14.4067549254367
            ],
            [
              120.9775536200816,
              14.40672913062033
            ],
            [
              120.9777110391399,
              14.40688998111254
            ],
            [
              120.9781324288684,
              14.40684131788097
            ],
            [
              120.9781333718227,
              14.40682054220779
            ],
            [
              120.979457496884,
              14.40498155086079
            ],
            [
              120.979628473288,
              14.40513942060862
            ],
            [
              120.9802514565972,
              14.40498498826535
            ],
            [
              120.9802056709154,
              14.40475441371178
            ],
            [
              120.9803603469394,
              14.40469572759685
            ],
            [
              120.9804793388812,
              14.40475890506307
            ],
            [
              120.980539201767,
              14.40503755705715
            ],
            [
              120.98085681283,
              14.40528853386453
            ],
            [
              120.9809309554773,
              14.4053292802412
            ],
            [
              120.9813139212303,
              14.4056883322857
            ],
            [
              120.98123324860609,
              14.4054544776018
            ],
            [
              120.98146841061357,
              14.405255906017944
            ],
            [
              120.98162301644025,
              14.405099835924808
            ],
            [
              120.98274668491652,
              14.405167928411487
            ],
            [
              120.98307826503026,
              14.405087976420354
            ],
            [
              120.98366759249592,
              14.405115766354776
            ],
            [
              120.98424676562028,
              14.405099802315714
            ],
            [
              120.98457279895261,
              14.405079565149146
            ],
            [
              120.98489970870037,
              14.405122038198858
            ],
            [
              120.98526920529959,
              14.405139708236808
            ],
            [
              120.98573451028462,
              14.405147780794456
            ],
            [
              120.98699895417293,
              14.405192209882964
            ],
            [
              120.98918949896986,
              14.405313273059873
            ],
            [
              120.9894687799478,
              14.405228606804148
            ],
            [
              120.99014815419727,
              14.405240542422359
            ],
            [
              120.99087878480285,
              14.405279913835848
            ],
            [
              120.9908769435153,
              14.40555723491426
            ],
            [
              120.990850712385,
              14.40558279842417
            ],
            [
              120.9908505603382,
              14.40773706582863
            ],
            [
              120.990876786263,
              14.4077626301367
            ],
            [
              120.99066799006,
              14.40776260793242
            ],
            [
              120.9906703045258,
              14.41253177363162
            ],
            [
              120.9906558306349,
              14.41258494384401
            ],
            [
              120.9874163764201,
              14.41253744165223
            ],
            [
              120.9871718486108,
              14.41256957223611
            ],
            [
              120.9871262980738,
              14.41255829661807
            ],
            [
              120.9869995273419,
              14.41247254735913
            ],
            [
              120.9866200244218,
              14.4124355331687
            ],
            [
              120.9868138847328,
              14.41220907910404
            ],
            [
              120.9867835432023,
              14.41209957266553
            ],
            [
              120.9870685032749,
              14.41176739952441
            ],
            [
              120.9870504511889,
              14.41172868363444
            ],
            [
              120.9867453534067,
              14.41132391178464
            ],
            [
              120.9865214894666,
              14.41109336350161
            ],
            [
              120.9867183144203,
              14.41082765522507
            ],
            [
              120.986763754654,
              14.41081328792764
            ],
            [
              120.9879891148938,
              14.4106397576927
            ],
            [
              120.9879241497984,
              14.41024087217304
            ],
            [
              120.9878182741446,
              14.40966835381412
            ],
            [
              120.9879121725892,
              14.40952757929037
            ],
            [
              120.9878279464404,
              14.4091591951405
            ],
            [
              120.9880972693266,
              14.408486988184
            ],
            [
              120.9874489672523,
              14.40856880546463
            ],
            [
              120.987359028931,
              14.4083509958385
            ],
            [
              120.9843984469832,
              14.40892293496508
            ],
            [
              120.9844080967961,
              14.40915694318476
            ],
            [
              120.9841789812726,
              14.40963751408224
            ],
            [
              120.9840872358008,
              14.40957376327488
            ],
            [
              120.983345854866,
              14.40941054272145
            ],
            [
              120.9832955027692,
              14.40943163597971
            ],
            [
              120.983157512372,
              14.40935351667932
            ],
            [
              120.9830574852379,
              14.40943820605627
            ],
            [
              120.9828992854852,
              14.40933606069798
            ],
            [
              120.982504297101,
              14.40970862946278
            ],
            [
              120.9819831027847,
              14.41028155756238
            ],
            [
              120.9817037185388,
              14.4104983126977
            ],
            [
              120.9809475723804,
              14.41074710287552
            ],
            [
              120.9799488873481,
              14.4110444861594
            ],
            [
              120.979892083245,
              14.41107959680899
            ],
            [
              120.9798528394629,
              14.41124550755321
            ],
            [
              120.9797352248835,
              14.41128557064394
            ],
            [
              120.9796579011733,
              14.41129854011599
            ],
            [
              120.9795565412248,
              14.4113679455912
            ],
            [
              120.9794519294842,
              14.41129928091174
            ],
            [
              120.9792705391636,
              14.41202780429664
            ],
            [
              120.9790820174036,
              14.41217810348545
            ],
            [
              120.9789791786515,
              14.41232284490618
            ],
            [
              120.9788021028707,
              14.41230055422992
            ],
            [
              120.9786078734287,
              14.41240074591574
            ],
            [
              120.978259426353,
              14.41241183869108
            ],
            [
              120.9778138784136,
              14.41235611050505
            ],
            [
              120.9775568199313,
              14.41241732074985
            ],
            [
              120.977316889817,
              14.41253977465898
            ],
            [
              120.9772197563999,
              14.41272905568148
            ],
            [
              120.9771511508431,
              14.41318001052586
            ],
            [
              120.9771073485849,
              14.41324031860455
            ],
            [
              120.9763151894324,
              14.41367819048007
            ],
            [
              120.975918997199,
              14.41470997280409
            ],
            [
              120.975781818926,
              14.41531123933374
            ],
            [
              120.9757969924947,
              14.4157417903995
            ],
            [
              120.975700507482,
              14.4161802360588
            ],
            [
              120.9756150728219,
              14.41617951561865
            ],
            [
              120.9746366595249,
              14.41629446050722
            ],
            [
              120.9744654478449,
              14.4162573443284
            ],
            [
              120.9732568103494,
              14.41627675536962
            ],
            [
              120.9732722103147,
              14.41609552135786
            ],
            [
              120.9732623650743,
              14.41607899768635
            ],
            [
              120.9732478829416,
              14.4160753368731
            ],
            [
              120.9727745198707,
              14.41610674122362
            ],
            [
              120.9713766086264,
              14.41555984141342
            ],
            [
              120.9710483686025,
              14.41557425812924
            ],
            [
              120.9710307782202,
              14.41539429911795
            ],
            [
              120.9699264533271,
              14.41551415219049
            ],
            [
              120.969685000358,
              14.41680060154174
            ],
            [
              120.9688681357901,
              14.41679556602737
            ],
            [
              120.9688552379064,
              14.41704891386109
            ],
            [
              120.9679517862082,
              14.4168783890238
            ],
            [
              120.9681618366778,
              14.41640795319079
            ],
            [
              120.9682201167779,
              14.4164472164079
            ],
            [
              120.9686069246012,
              14.41551749552886
            ],
            [
              120.9687592079099,
              14.41521804176192
            ],
            [
              120.968882457677,
              14.41509850040203
            ],
            [
              120.9689732783726,
              14.41502235631875
            ],
            [
              120.969049903981,
              14.41475068075814
            ],
            [
              120.9692544943295,
              14.41423031375381
            ],
            [
              120.969328412237,
              14.41413612384046
            ],
            [
              120.9695052013345,
              14.41408599820366
            ],
            [
              120.9694176191864,
              14.41375476419152
            ],
            [
              120.969659886582,
              14.41292817395011
            ],
            [
              120.9681796645539,
              14.41249805780501
            ],
            [
              120.9694758222482,
              14.4095607164304
            ],
            [
              120.969338546241,
              14.40946022693296
            ],
            [
              120.968783114567,
              14.40893452274222
            ],
            [
              120.968306509894,
              14.4100566561062
            ],
            [
              120.9658211738391,
              14.40853014749809
            ],
            [
              120.9657320426951,
              14.40854726715466
            ],
            [
              120.9655584276529,
              14.40831618707635
            ],
            [
              120.9655520024403,
              14.40831104157616
            ],
            [
              120.9656356233702,
              14.40824636672421
            ],
            [
              120.9658573249401,
              14.40814351594731
            ],
            [
              120.9658661752806,
              14.40784856842059
            ],
            [
              120.9659959125793,
              14.40767449320763
            ],
            [
              120.9661346356464,
              14.40738918024597
            ],
            [
              120.9661441456948,
              14.40739791483018
            ],
            [
              120.9661394203836,
              14.40748827774398
            ],
            [
              120.9661971631437,
              14.40751545090662
            ],
            [
              120.9662900036601,
              14.4075007350307
            ],
            [
              120.9663611260616,
              14.4075067631766
            ],
            [
              120.9664632303957,
              14.40758112003987
            ],
            [
              120.9665039922341,
              14.40746677610711
            ],
            [
              120.9665572089495,
              14.40736828049548
            ],
            [
              120.9665866497422,
              14.40724940635846
            ],
            [
              120.9665567222624,
              14.40724292793703
            ],
            [
              120.9665956069969,
              14.40718093799305
            ],
            [
              120.9667551137294,
              14.40709469118299
            ],
            [
              120.966788678841,
              14.40710788305183
            ],
            [
              120.9667947748866,
              14.40707779959506
            ],
            [
              120.9668592203732,
              14.40700559956771
            ],
            [
              120.9668701332111,
              14.40694269197557
            ],
            [
              120.9668879531473,
              14.40687250145809
            ],
            [
              120.9669103489204,
              14.40678428903637
            ],
            [
              120.9669380120704,
              14.40671079480954
            ],
            [
              120.9671636457417,
              14.40653755782794
            ],
            [
              120.9674927050913,
              14.40657796454819
            ],
            [
              120.9692428580208,
              14.40692134643072
            ],
            [
              120.9701311636994,
              14.40714435695445
            ],
            [
              120.9702777992177,
              14.40631887906952
            ],
            [
              120.9717613781435,
              14.40627508581178
            ],
            [
              120.971186426374,
              14.40785543128343
            ],
            [
              120.9747909346696,
              14.40671799175858
            ]
          ]
        ],
        "type": "Polygon"
      }
    },
    {
      "type": "Feature",
      "properties": {
        "name_kml": "Molino 7",
        "name_db": "MOLINO VII",
        "centroid_lat": 14.394092,
        "centroid_lng": 121.001166
      },
      "geometry": {
        "coordinates": [
          [
            [
              121.0026341973568,
              14.38467087272448
            ],
            [
              121.00289807675,
              14.38486427192474
            ],
            [
              121.0028996081658,
              14.38494883347802
            ],
            [
              121.0057712171278,
              14.3849461497953
            ],
            [
              121.0059663437653,
              14.38271651984028
            ],
            [
              121.0048506083461,
              14.38273174571232
            ],
            [
              121.0048030407865,
              14.38077217074603
            ],
            [
              121.004897735605,
              14.38070149153286
            ],
            [
              121.0062806516359,
              14.38047399154054
            ],
            [
              121.0065727306757,
              14.38032833871774
            ],
            [
              121.0066278393131,
              14.38042463499421
            ],
            [
              121.0066660481143,
              14.38068891091643
            ],
            [
              121.006659795846,
              14.38080775960317
            ],
            [
              121.0065936361239,
              14.38096968072756
            ],
            [
              121.0065561215545,
              14.38115557135904
            ],
            [
              121.0066691746003,
              14.38136543155862
            ],
            [
              121.0067886501492,
              14.38149151338596
            ],
            [
              121.0070857575059,
              14.38192622717277
            ],
            [
              121.0071998103138,
              14.3820474226023
            ],
            [
              121.0073308601447,
              14.3821474428591
            ],
            [
              121.0074189277143,
              14.3823985910712
            ],
            [
              121.0074203740501,
              14.38254738062524
            ],
            [
              121.007450594007,
              14.38267680797908
            ],
            [
              121.0079059948953,
              14.38375818452726
            ],
            [
              121.0079039773128,
              14.38380736010131
            ],
            [
              121.0079261522387,
              14.38417479007892
            ],
            [
              121.0079704992571,
              14.38436931218534
            ],
            [
              121.0080370186803,
              14.38460706154246
            ],
            [
              121.0080259340441,
              14.38484481041961
            ],
            [
              121.0078239879904,
              14.38497919362441
            ],
            [
              121.0071463362287,
              14.38526588889478
            ],
            [
              121.0070353946662,
              14.38576025809687
            ],
            [
              121.0069165285524,
              14.38641684153469
            ],
            [
              121.0068135114553,
              14.38763731409227
            ],
            [
              121.0069561532884,
              14.38795401917175
            ],
            [
              121.0073920034434,
              14.388533356929
            ],
            [
              121.0076059670994,
              14.38879598964893
            ],
            [
              121.0077406851435,
              14.38902772362977
            ],
            [
              121.0077961636352,
              14.39034089048279
            ],
            [
              121.0076693706706,
              14.39047220728786
            ],
            [
              121.0070591766263,
              14.39102064952264
            ],
            [
              121.0066233221753,
              14.39142232459177
            ],
            [
              121.006163691503,
              14.39163860994144
            ],
            [
              121.0053870718868,
              14.39237243531487
            ],
            [
              121.0050542344866,
              14.39249602519348
            ],
            [
              121.0044519580387,
              14.39254236767657
            ],
            [
              121.0038417547386,
              14.39275864701641
            ],
            [
              121.0033424926734,
              14.39316031430456
            ],
            [
              121.0029938023895,
              14.3933843201858
            ],
            [
              121.0025262418798,
              14.39348473063172
            ],
            [
              121.0023881960013,
              14.39353141181904
            ],
            [
              121.0022165286167,
              14.39355020953574
            ],
            [
              121.0020460967512,
              14.39368310419194
            ],
            [
              121.0020176885786,
              14.39387137572083
            ],
            [
              121.0020460911338,
              14.39395443794812
            ],
            [
              121.0019565425796,
              14.39405093282905
            ],
            [
              121.0017968431138,
              14.39425346069261
            ],
            [
              121.0017456045363,
              14.39448089105171
            ],
            [
              121.0018564949685,
              14.39469370167684
            ],
            [
              121.0020257234342,
              14.39480306767313
            ],
            [
              121.0022549668905,
              14.39485097794752
            ],
            [
              121.0026863653243,
              14.39476467778663
            ],
            [
              121.0028272018721,
              14.39490541036066
            ],
            [
              121.0027798068885,
              14.39500646320259
            ],
            [
              121.0024528929891,
              14.39565317170063
            ],
            [
              121.002528936065,
              14.39590915449547
            ],
            [
              121.0025593782712,
              14.39613078637707
            ],
            [
              121.0026807164894,
              14.39678292219622
            ],
            [
              121.0028459985334,
              14.39710562677708
            ],
            [
              121.0029522033808,
              14.39738435805574
            ],
            [
              121.0027626379697,
              14.39748619406232
            ],
            [
              121.0026285557621,
              14.39757500694553
            ],
            [
              121.0024319849933,
              14.39777272599131
            ],
            [
              121.0022803780877,
              14.39798731508716
            ],
            [
              121.0021328040638,
              14.39830330522246
            ],
            [
              121.0020578320254,
              14.39879944597418
            ],
            [
              121.002136014213,
              14.39918076602352
            ],
            [
              121.0019219325727,
              14.39941550786728
            ],
            [
              121.0016390708792,
              14.39976882172949
            ],
            [
              121.0013676287161,
              14.40008383555791
            ],
            [
              121.0011295317241,
              14.40056902920936
            ],
            [
              121.0009757621831,
              14.40125631523118
            ],
            [
              121.0004968576877,
              14.40160954815957
            ],
            [
              120.999880679728,
              14.4021789872365
            ],
            [
              120.9995785452263,
              14.40248574323734
            ],
            [
              120.9994993261067,
              14.40286084668037
            ],
            [
              120.9993255536315,
              14.4029002142692
            ],
            [
              120.9989917205527,
              14.40298247179738
            ],
            [
              120.9989916905301,
              14.40321583129835
            ],
            [
              120.9988745255622,
              14.40347668139895
            ],
            [
              120.9987196038056,
              14.40359127762333
            ],
            [
              120.998564114386,
              14.40379136076907
            ],
            [
              120.9982914860817,
              14.4042382804622
            ],
            [
              120.9980299368549,
              14.40478186704515
            ],
            [
              120.9981051591965,
              14.40492199436713
            ],
            [
              120.9981900468959,
              14.40501249672794
            ],
            [
              120.9983053505681,
              14.40521281187297
            ],
            [
              120.9982894499299,
              14.40538607281592
            ],
            [
              120.9979359865973,
              14.40569888692086
            ],
            [
              120.9977921217651,
              14.40573414543105
            ],
            [
              120.9977005063757,
              14.40565941327503
            ],
            [
              120.9975926318836,
              14.40548115606635
            ],
            [
              120.9967545019066,
              14.40684481141256
            ],
            [
              120.9954858112918,
              14.4060643944605
            ],
            [
              120.9952531030632,
              14.4060219290324
            ],
            [
              120.9948816385176,
              14.40569433862812
            ],
            [
              120.9948925160868,
              14.40549363416091
            ],
            [
              120.9949012557937,
              14.4052548417798
            ],
            [
              120.9949187805121,
              14.40493288206008
            ],
            [
              120.9947338579826,
              14.40478310971663
            ],
            [
              120.9946815097066,
              14.4045953702216
            ],
            [
              120.9946835953716,
              14.40438502740504
            ],
            [
              120.9947870180265,
              14.40409142927103
            ],
            [
              120.9947847650605,
              14.40400742161808
            ],
            [
              120.994804138348,
              14.40388876755986
            ],
            [
              120.9949286358748,
              14.40356253281101
            ],
            [
              120.9952657020393,
              14.40332019607333
            ],
            [
              120.9953265730082,
              14.40324199467389
            ],
            [
              120.9954095824186,
              14.40309367939819
            ],
            [
              120.9955096990918,
              14.40298810362407
            ],
            [
              120.995531054435,
              14.40296070414326
            ],
            [
              120.9956060320802,
              14.40284289594475
            ],
            [
              120.9959165472159,
              14.40282690373447
            ],
            [
              120.9960700709614,
              14.4027826710655
            ],
            [
              120.996234449761,
              14.40268540611889
            ],
            [
              120.9962217462242,
              14.40254999174565
            ],
            [
              120.9961744854592,
              14.40242496813827
            ],
            [
              120.9960597566954,
              14.40219378988864
            ],
            [
              120.9961447905289,
              14.40197189530402
            ],
            [
              120.996225897502,
              14.40175376194728
            ],
            [
              120.9958953760733,
              14.4016754064794
            ],
            [
              120.9953873865053,
              14.4014315712448
            ],
            [
              120.995557152687,
              14.40087727330653
            ],
            [
              120.9955809499157,
              14.40001827477003
            ],
            [
              120.9965608703268,
              14.40011332961039
            ],
            [
              120.9966535502429,
              14.40000277250652
            ],
            [
              120.9967400273497,
              14.39987158943847
            ],
            [
              120.9967205797194,
              14.39965969754056
            ],
            [
              120.9967524164365,
              14.39957279971183
            ],
            [
              120.9955728311306,
              14.39953833663823
            ],
            [
              120.9955257485145,
              14.39848882444504
            ],
            [
              120.997385471353,
              14.3984665794649
            ],
            [
              120.997369184723,
              14.39821242456973
            ],
            [
              120.9974343835397,
              14.39792120886203
            ],
            [
              120.9975973591425,
              14.39770412493931
            ],
            [
              120.9983904913965,
              14.39694169130984
            ],
            [
              120.9983740571397,
              14.39684614439206
            ],
            [
              120.9982546976131,
              14.39664517346736
            ],
            [
              120.9982872975292,
              14.39646514927532
            ],
            [
              120.9990098008,
              14.39582449248494
            ],
            [
              120.9990230243288,
              14.39577358958577
            ],
            [
              120.9990440004213,
              14.39510181434374
            ],
            [
              120.9989801143748,
              14.3949183106975
            ],
            [
              120.999238341078,
              14.39493831515711
            ],
            [
              120.9998645497994,
              14.39462680953809
            ],
            [
              121.0000317382253,
              14.39460690838332
            ],
            [
              121.0003384245438,
              14.39462641279329
            ],
            [
              121.0006117777439,
              14.3945549347869
            ],
            [
              121.0007984593738,
              14.39443796373581
            ],
            [
              121.0008979654001,
              14.39409394927046
            ],
            [
              121.0009118128151,
              14.39395706789526
            ],
            [
              121.0009651510632,
              14.39386608802606
            ],
            [
              121.0011118304219,
              14.39374261799658
            ],
            [
              121.0010246512285,
              14.39363254874971
            ],
            [
              121.0009446540504,
              14.39332061227569
            ],
            [
              121.0009046606609,
              14.39300217809439
            ],
            [
              121.0009318457289,
              14.39268983514133
            ],
            [
              121.0010851925399,
              14.39252087378554
            ],
            [
              121.0013718804534,
              14.39230642568243
            ],
            [
              121.0015247157718,
              14.39215087129981
            ],
            [
              121.0017380695058,
              14.39178695294664
            ],
            [
              121.0017719180941,
              14.39161757863275
            ],
            [
              121.0017247437639,
              14.39141003151502
            ],
            [
              121.0017447471496,
              14.39130605343467
            ],
            [
              121.0017985955189,
              14.39114967774479
            ],
            [
              121.0020719495006,
              14.39085724461376
            ],
            [
              121.0020986200912,
              14.39068828096677
            ],
            [
              121.0020719560569,
              14.39053881134329
            ],
            [
              121.0019252898087,
              14.39016838589426
            ],
            [
              121.0018714563312,
              14.38960341340826
            ],
            [
              121.0018781279093,
              14.38938895875802
            ],
            [
              121.0021928292832,
              14.38882073683523
            ],
            [
              121.0022473239419,
              14.38869929845136
            ],
            [
              121.0023128381001,
              14.38858678831771
            ],
            [
              121.0024023344628,
              14.38847022408368
            ],
            [
              121.0024725713251,
              14.38840584977116
            ],
            [
              121.002478902793,
              14.38827918789949
            ],
            [
              121.0023378408708,
              14.38790103574994
            ],
            [
              121.0020582088137,
              14.38755957790866
            ],
            [
              121.001980305401,
              14.38732451835635
            ],
            [
              121.0019265124011,
              14.38726484802284
            ],
            [
              121.0016978481269,
              14.38705008439408
            ],
            [
              121.0016019039481,
              14.38687789900473
            ],
            [
              121.0015722280912,
              14.38672782273088
            ],
            [
              121.0015592468558,
              14.38659763596476
            ],
            [
              121.0015865648894,
              14.38642808083051
            ],
            [
              121.0015735810235,
              14.3864136153843
            ],
            [
              121.0014315143407,
              14.38640785740313
            ],
            [
              121.0014071458406,
              14.3863806551331
            ],
            [
              121.0012693826101,
              14.38585127663997
            ],
            [
              121.0009577524653,
              14.38585307697382
            ],
            [
              121.0006034680852,
              14.3854860149689
            ],
            [
              121.0004680690489,
              14.38507556278966
            ],
            [
              121.0001774073103,
              14.38461617058686
            ],
            [
              121.0001936272221,
              14.38461658099733
            ],
            [
              121.0026341973568,
              14.38467087272448
            ]
          ]
        ],
        "type": "Polygon"
      }
    },
    {
      "type": "Feature",
      "properties": {
        "name_kml": "Molino 3",
        "name_db": "MOLINO III",
        "centroid_lat": 14.397331,
        "centroid_lng": 120.983539
      },
      "geometry": {
        "coordinates": [
          [
            [
              120.9977747475398,
              14.39450740276462
            ],
            [
              120.9976222320419,
              14.39307740997068
            ],
            [
              120.9965659594867,
              14.39302016715431
            ],
            [
              120.996518609529,
              14.39296981339155
            ],
            [
              120.9964387135347,
              14.39296479023186
            ],
            [
              120.9963000841966,
              14.39297546312152
            ],
            [
              120.996021837906,
              14.39371947443196
            ],
            [
              120.9959831360761,
              14.39374305041628
            ],
            [
              120.995873178914,
              14.39384090755911
            ],
            [
              120.9943354920198,
              14.3936843456402
            ],
            [
              120.9929823392621,
              14.39363417172606
            ],
            [
              120.9929811553484,
              14.39361690047087
            ],
            [
              120.9926286330091,
              14.3938053999929
            ],
            [
              120.9923416998985,
              14.39374944550614
            ],
            [
              120.9920483796483,
              14.39386751774585
            ],
            [
              120.9916976805098,
              14.39384263456201
            ],
            [
              120.9915573921996,
              14.39396693069708
            ],
            [
              120.9911110335422,
              14.39414093006447
            ],
            [
              120.9911196600873,
              14.39423227939189
            ],
            [
              120.9910811225896,
              14.39423172939065
            ],
            [
              120.9909324954625,
              14.39422619702692
            ],
            [
              120.99095160934,
              14.39418741335349
            ],
            [
              120.986065062575,
              14.39415109552339
            ],
            [
              120.9860542834953,
              14.3942878695859
            ],
            [
              120.9856163863597,
              14.39592021873075
            ],
            [
              120.9853842110526,
              14.39630485854759
            ],
            [
              120.9851885190311,
              14.396641016431
            ],
            [
              120.9850772379565,
              14.39721573361844
            ],
            [
              120.9850291551983,
              14.39783674012346
            ],
            [
              120.9842616799144,
              14.39829937438304
            ],
            [
              120.9841921517581,
              14.39868820112117
            ],
            [
              120.9842094749519,
              14.39924296819989
            ],
            [
              120.9841854852964,
              14.39982050620063
            ],
            [
              120.9841215013068,
              14.39999652517487
            ],
            [
              120.9840585689605,
              14.40016965074882
            ],
            [
              120.9836027894336,
              14.40037863575073
            ],
            [
              120.98341164873,
              14.40074566754528
            ],
            [
              120.983323868904,
              14.40110541776326
            ],
            [
              120.9833565783051,
              14.40139337717877
            ],
            [
              120.9832132141871,
              14.40167783305966
            ],
            [
              120.9827533221595,
              14.40202860385023
            ],
            [
              120.9822545821729,
              14.40194815975293
            ],
            [
              120.9819666612759,
              14.40206480976082
            ],
            [
              120.9819668871196,
              14.40210153682601
            ],
            [
              120.9820239181397,
              14.40229345834677
            ],
            [
              120.9819916656315,
              14.40246596994174
            ],
            [
              120.9819834935037,
              14.40267999102004
            ],
            [
              120.9818224415591,
              14.4030168840575
            ],
            [
              120.981766951764,
              14.40327932355624
            ],
            [
              120.981625537822,
              14.40354092940103
            ],
            [
              120.9814753308068,
              14.4036494501927
            ],
            [
              120.9814239153912,
              14.40385590182249
            ],
            [
              120.9814970415567,
              14.40419247466001
            ],
            [
              120.9816052915112,
              14.40437513192544
            ],
            [
              120.9820214622818,
              14.40438351845951
            ],
            [
              120.98202658382499,
              14.404358954443703
            ],
            [
              120.98204063819587,
              14.404352832398864
            ],
            [
              120.9820278416141,
              14.40441191426144
            ],
            [
              120.98200481480264,
              14.40460854031445
            ],
            [
              120.98194455760473,
              14.404757228370727
            ],
            [
              120.98181822971837,
              14.40490371711001
            ],
            [
              120.981408137099,
              14.40526628468655
            ],
            [
              120.98130413603184,
              14.40540010384013
            ],
            [
              120.9811485798404,
              14.405522760426019
            ],
            [
              120.9809309554773,
              14.4053292802412
            ],
            [
              120.98085681283,
              14.40528853386453
            ],
            [
              120.980539201767,
              14.40503755705715
            ],
            [
              120.9804793388812,
              14.40475890506307
            ],
            [
              120.9803603469394,
              14.40469572759685
            ],
            [
              120.9802056709154,
              14.40475441371178
            ],
            [
              120.9802514565972,
              14.40498498826535
            ],
            [
              120.979628473288,
              14.40513942060862
            ],
            [
              120.979457496884,
              14.40498155086079
            ],
            [
              120.9781333718227,
              14.40682054220779
            ],
            [
              120.9781324288684,
              14.40684131788097
            ],
            [
              120.9777110391399,
              14.40688998111254
            ],
            [
              120.9775536200816,
              14.40672913062033
            ],
            [
              120.9752482688996,
              14.4067549254367
            ],
            [
              120.9747909346696,
              14.40671799175858
            ],
            [
              120.971186426374,
              14.40785543128343
            ],
            [
              120.9717613781435,
              14.40627508581178
            ],
            [
              120.9702777992177,
              14.40631887906952
            ],
            [
              120.9701311636994,
              14.40714435695445
            ],
            [
              120.9692428580208,
              14.40692134643072
            ],
            [
              120.9674927050913,
              14.40657796454819
            ],
            [
              120.9671636457417,
              14.40653755782794
            ],
            [
              120.9669380120704,
              14.40671079480954
            ],
            [
              120.9664032750208,
              14.40653086252943
            ],
            [
              120.9663680115485,
              14.40666516519833
            ],
            [
              120.9661576885215,
              14.40669396277162
            ],
            [
              120.9659776783431,
              14.40678178557013
            ],
            [
              120.9659237599093,
              14.4070109019271
            ],
            [
              120.9652431225468,
              14.40651571223769
            ],
            [
              120.9651306737255,
              14.40640696984735
            ],
            [
              120.9650501456727,
              14.40636184113774
            ],
            [
              120.9648204171456,
              14.40620882021333
            ],
            [
              120.9647470144139,
              14.40615083546445
            ],
            [
              120.9644980705901,
              14.40602582188001
            ],
            [
              120.9643680226401,
              14.40599110994272
            ],
            [
              120.9641777049072,
              14.40596252420523
            ],
            [
              120.9641826440477,
              14.40361643205891
            ],
            [
              120.9641412238808,
              14.40363448415717
            ],
            [
              120.9640382692945,
              14.40362192202815
            ],
            [
              120.9638709984097,
              14.40344209522938
            ],
            [
              120.9637508879835,
              14.40340862301714
            ],
            [
              120.9633518894186,
              14.40361761594034
            ],
            [
              120.9632060388158,
              14.40359250110657
            ],
            [
              120.9630627916721,
              14.40352560752686
            ],
            [
              120.9631022004414,
              14.40323521150587
            ],
            [
              120.9631051035645,
              14.40234195401205
            ],
            [
              120.9656386382496,
              14.40228836910494
            ],
            [
              120.9657587825029,
              14.40212950023025
            ],
            [
              120.9658231561747,
              14.40198734641125
            ],
            [
              120.9658832430812,
              14.40182846707436
            ],
            [
              120.9658489509906,
              14.40168211589946
            ],
            [
              120.9658446825712,
              14.4015650382369
            ],
            [
              120.9659562445839,
              14.40141871133654
            ],
            [
              120.9660420583326,
              14.40132673813197
            ],
            [
              120.9661750590165,
              14.40123895327631
            ],
            [
              120.9662179698795,
              14.40116787859552
            ],
            [
              120.9661430095067,
              14.40095142454656
            ],
            [
              120.9664151965467,
              14.40110508463166
            ],
            [
              120.9666862003991,
              14.40117361530407
            ],
            [
              120.9670013043827,
              14.4012678761494
            ],
            [
              120.967434133253,
              14.40152154571687
            ],
            [
              120.9682120089758,
              14.40067681268271
            ],
            [
              120.9684632342609,
              14.40057758482162
            ],
            [
              120.9708060200647,
              14.40105022510769
            ],
            [
              120.9710471365932,
              14.4002218282768
            ],
            [
              120.9713312016353,
              14.40033126610948
            ],
            [
              120.972120608076,
              14.39914738020796
            ],
            [
              120.97203788151,
              14.39881487123461
            ],
            [
              120.9728018836304,
              14.39863994598241
            ],
            [
              120.972926954138,
              14.39883402949299
            ],
            [
              120.9724733708823,
              14.40079739020772
            ],
            [
              120.9730640902365,
              14.40096189537952
            ],
            [
              120.9733183891958,
              14.4011627921485
            ],
            [
              120.9738330352975,
              14.4011600921739
            ],
            [
              120.9741801741809,
              14.40134195958819
            ],
            [
              120.9745001877143,
              14.40086664836229
            ],
            [
              120.9741560488299,
              14.40049487660986
            ],
            [
              120.9744537098876,
              14.39995921164784
            ],
            [
              120.9745526304177,
              14.39986911531372
            ],
            [
              120.9754760508437,
              14.3999287582362
            ],
            [
              120.9756778077977,
              14.39931956923444
            ],
            [
              120.9757877067623,
              14.39898681923077
            ],
            [
              120.9747699448124,
              14.39901497071483
            ],
            [
              120.9748136554726,
              14.39825874776146
            ],
            [
              120.9748867239965,
              14.39817561282156
            ],
            [
              120.9749011483696,
              14.39808805017115
            ],
            [
              120.9752395153761,
              14.3980281614192
            ],
            [
              120.9752931793336,
              14.39782447964551
            ],
            [
              120.9740535956445,
              14.39721746593949
            ],
            [
              120.9740564689562,
              14.39682430327658
            ],
            [
              120.9735391109131,
              14.396659398691
            ],
            [
              120.9738452948055,
              14.39623723869072
            ],
            [
              120.9721312052011,
              14.39614699472106
            ],
            [
              120.9721910333786,
              14.39594896446595
            ],
            [
              120.972585299939,
              14.39533465096576
            ],
            [
              120.9740332314483,
              14.39514539008927
            ],
            [
              120.9740980263681,
              14.39413346698212
            ],
            [
              120.9730422694811,
              14.3943429923949
            ],
            [
              120.9730368769536,
              14.39433957418478
            ],
            [
              120.9734039134627,
              14.39366527523639
            ],
            [
              120.972551138064,
              14.39329651502966
            ],
            [
              120.9723333088227,
              14.39362531456681
            ],
            [
              120.971047213182,
              14.39465257119725
            ],
            [
              120.9708176256534,
              14.39423338574347
            ],
            [
              120.9711889769832,
              14.39413805365788
            ],
            [
              120.9712397762445,
              14.39396785789064
            ],
            [
              120.9713384687932,
              14.39336484840262
            ],
            [
              120.9716787123904,
              14.39289874509511
            ],
            [
              120.9718498967972,
              14.39284019269418
            ],
            [
              120.9720681209442,
              14.39263799267525
            ],
            [
              120.9722387302647,
              14.39244824565511
            ],
            [
              120.9723735197564,
              14.3921751186262
            ],
            [
              120.9724135420115,
              14.39184394699448
            ],
            [
              120.97244687694,
              14.3916816092671
            ],
            [
              120.9723237823166,
              14.39069455135318
            ],
            [
              120.9721640483927,
              14.39051973348332
            ],
            [
              120.9721605922953,
              14.39051595101646
            ],
            [
              120.9721805844559,
              14.39047699182582
            ],
            [
              120.9724104520728,
              14.39026598072887
            ],
            [
              120.9724537912798,
              14.39002247359014
            ],
            [
              120.9725504115734,
              14.38987637986914
            ],
            [
              120.9728202725074,
              14.38951277229888
            ],
            [
              120.9730434907481,
              14.38921084801535
            ],
            [
              120.9729739031604,
              14.3891234334277
            ],
            [
              120.972932495452,
              14.38883481936265
            ],
            [
              120.9728733278317,
              14.38851157005337
            ],
            [
              120.972612853405,
              14.38799780972885
            ],
            [
              120.972565505615,
              14.38783041049861
            ],
            [
              120.9725773931925,
              14.38754180312257
            ],
            [
              120.9725478114891,
              14.38736286251468
            ],
            [
              120.977722231944,
              14.38601569343879
            ],
            [
              120.9777693382131,
              14.38601678352169
            ],
            [
              120.9789219926077,
              14.38583890474531
            ],
            [
              120.979188049474,
              14.38532017197257
            ],
            [
              120.9802937345181,
              14.3857661041878
            ],
            [
              120.9803928031394,
              14.38584251288245
            ],
            [
              120.9804695782245,
              14.3857912027908
            ],
            [
              120.9867647197584,
              14.38579181707055
            ],
            [
              120.987011251664,
              14.38527548986144
            ],
            [
              120.9870269120773,
              14.38527566489446
            ],
            [
              120.9870576107914,
              14.38527600800429
            ],
            [
              120.9870606864815,
              14.38527664865886
            ],
            [
              120.9904723432536,
              14.38528639179303
            ],
            [
              120.9905402349633,
              14.38527089365794
            ],
            [
              120.9905673028298,
              14.38525932084151
            ],
            [
              120.9908692472996,
              14.3853353809803
            ],
            [
              120.99088189776,
              14.3853400824914
            ],
            [
              120.9919390552955,
              14.38537716269151
            ],
            [
              120.9922709897297,
              14.38534353927678
            ],
            [
              120.992361243898,
              14.38539547257908
            ],
            [
              120.9970570491546,
              14.38531677133096
            ],
            [
              120.997051895681,
              14.38522751623437
            ],
            [
              120.997036045379,
              14.38509998278133
            ],
            [
              120.9969956263069,
              14.38492409250598
            ],
            [
              120.9969847788986,
              14.38487320547575
            ],
            [
              120.9969784759162,
              14.38482159555406
            ],
            [
              120.9969768091374,
              14.38476962428377
            ],
            [
              120.9969797358542,
              14.38471849016435
            ],
            [
              120.9969993328015,
              14.38461576423831
            ],
            [
              121.0001774073103,
              14.38461617058686
            ],
            [
              121.0004680690489,
              14.38507556278966
            ],
            [
              121.0006034680852,
              14.3854860149689
            ],
            [
              121.0009577524653,
              14.38585307697382
            ],
            [
              121.0012693826101,
              14.38585127663997
            ],
            [
              121.0014071458406,
              14.3863806551331
            ],
            [
              121.0014315143407,
              14.38640785740313
            ],
            [
              121.0015735810235,
              14.3864136153843
            ],
            [
              121.0015865648894,
              14.38642808083051
            ],
            [
              121.0015592468558,
              14.38659763596476
            ],
            [
              121.0015722280912,
              14.38672782273088
            ],
            [
              121.0016019039481,
              14.38687789900473
            ],
            [
              121.0016978481269,
              14.38705008439408
            ],
            [
              121.0019265124011,
              14.38726484802284
            ],
            [
              121.001980305401,
              14.38732451835635
            ],
            [
              121.0020582088137,
              14.38755957790866
            ],
            [
              121.0023378408708,
              14.38790103574994
            ],
            [
              121.002478902793,
              14.38827918789949
            ],
            [
              121.0024725713251,
              14.38840584977116
            ],
            [
              121.0024023344628,
              14.38847022408368
            ],
            [
              121.0023128381001,
              14.38858678831771
            ],
            [
              121.0022473239419,
              14.38869929845136
            ],
            [
              121.0021928292832,
              14.38882073683523
            ],
            [
              121.0018781279093,
              14.38938895875802
            ],
            [
              121.0018714563312,
              14.38960341340826
            ],
            [
              121.0019252898087,
              14.39016838589426
            ],
            [
              121.0020719560569,
              14.39053881134329
            ],
            [
              121.0020986200912,
              14.39068828096677
            ],
            [
              121.0020719495006,
              14.39085724461376
            ],
            [
              121.0017985955189,
              14.39114967774479
            ],
            [
              121.0017447471496,
              14.39130605343467
            ],
            [
              121.0017247437639,
              14.39141003151502
            ],
            [
              121.0017719180941,
              14.39161757863275
            ],
            [
              121.0017380695058,
              14.39178695294664
            ],
            [
              121.0015247157718,
              14.39215087129981
            ],
            [
              121.0013718804534,
              14.39230642568243
            ],
            [
              121.0010851925399,
              14.39252087378554
            ],
            [
              121.0009318457289,
              14.39268983514133
            ],
            [
              121.0009046606609,
              14.39300217809439
            ],
            [
              121.0009446540504,
              14.39332061227569
            ],
            [
              121.0010246512285,
              14.39363254874971
            ],
            [
              121.0011118304219,
              14.39374261799658
            ],
            [
              121.0009651510632,
              14.39386608802606
            ],
            [
              121.0009118128151,
              14.39395706789526
            ],
            [
              121.0008979654001,
              14.39409394927046
            ],
            [
              121.0007984593738,
              14.39443796373581
            ],
            [
              121.0006117777439,
              14.3945549347869
            ],
            [
              121.0003384245438,
              14.39462641279329
            ],
            [
              121.0000317382253,
              14.39460690838332
            ],
            [
              120.9998645497994,
              14.39462680953809
            ],
            [
              120.999238341078,
              14.39493831515711
            ],
            [
              120.9989801143748,
              14.3949183106975
            ],
            [
              120.9977747475398,
              14.39450740276462
            ]
          ]
        ],
        "type": "Polygon"
      }
    },
    {
      "type": "Feature",
      "properties": {
        "name_kml": "Zapote 3",
        "name_db": "ZAPOTE III",
        "centroid_lat": 14.469836,
        "centroid_lng": 120.965301
      },
      "geometry": {
        "coordinates": [
          [
            [
              120.9697830333341,
              14.47544418689977
            ],
            [
              120.9690329110078,
              14.47496247730635
            ],
            [
              120.9660407861372,
              14.4730555573582
            ],
            [
              120.9656707934519,
              14.4728554469723
            ],
            [
              120.9650413239767,
              14.47258816968424
            ],
            [
              120.9644693152615,
              14.47237309538859
            ],
            [
              120.9641138259014,
              14.47234314318036
            ],
            [
              120.9638506122311,
              14.47236220984324
            ],
            [
              120.9632974780911,
              14.47249188823783
            ],
            [
              120.9625345320951,
              14.47282372866472
            ],
            [
              120.9623209089817,
              14.47283898147418
            ],
            [
              120.9621492488533,
              14.47281609094131
            ],
            [
              120.9619775889703,
              14.47275505551855
            ],
            [
              120.9618707786772,
              14.47269402238361
            ],
            [
              120.96171437991,
              14.47256814185545
            ],
            [
              120.9615923128494,
              14.47242319044769
            ],
            [
              120.9614724767058,
              14.4721572115511
            ],
            [
              120.9614588097922,
              14.4719425668084
            ],
            [
              120.9616114160143,
              14.47117586571487
            ],
            [
              120.9615541999847,
              14.47096988402109
            ],
            [
              120.959891833656,
              14.47034024710624
            ],
            [
              120.9605286203467,
              14.46919863989604
            ],
            [
              120.9606961552092,
              14.4692807468121
            ],
            [
              120.9609570826244,
              14.46883591835575
            ],
            [
              120.9602190798727,
              14.46841924261225
            ],
            [
              120.9607429005567,
              14.46781577159341
            ],
            [
              120.9609897816001,
              14.46773442789723
            ],
            [
              120.9611412675048,
              14.46752950689442
            ],
            [
              120.9611046000391,
              14.46719410536703
            ],
            [
              120.9611871046158,
              14.46691950112237
            ],
            [
              120.9611370219019,
              14.46685150997514
            ],
            [
              120.9612083631198,
              14.46674475036654
            ],
            [
              120.9610778974034,
              14.4666143135902
            ],
            [
              120.9610406565176,
              14.4665899171395
            ],
            [
              120.960805837749,
              14.46650988884103
            ],
            [
              120.9608059127216,
              14.46648064246567
            ],
            [
              120.9610384764459,
              14.46635954130669
            ],
            [
              120.9612348029563,
              14.46637870997467
            ],
            [
              120.9613100658758,
              14.46636278164577
            ],
            [
              120.9613853339529,
              14.46632134691177
            ],
            [
              120.961424610354,
              14.46627033898896
            ],
            [
              120.9617422814498,
              14.46615295535207
            ],
            [
              120.9618238361463,
              14.46616519659009
            ],
            [
              120.9620414040188,
              14.46633049913578
            ],
            [
              120.9621391669895,
              14.46645960229619
            ],
            [
              120.9622654965185,
              14.46657659016546
            ],
            [
              120.9623963722246,
              14.46663081813913
            ],
            [
              120.9625207218808,
              14.46659895671063
            ],
            [
              120.9626624965164,
              14.46652680797205
            ],
            [
              120.9627370452709,
              14.46648737601143
            ],
            [
              120.9632305891466,
              14.46664533017418
            ],
            [
              120.9633044681465,
              14.46667682456496
            ],
            [
              120.9634621750279,
              14.46671289782638
            ],
            [
              120.9637158984778,
              14.46680997335999
            ],
            [
              120.9646176293061,
              14.4670837754388
            ],
            [
              120.965044241103,
              14.46726087597224
            ],
            [
              120.965251545849,
              14.46729230332204
            ],
            [
              120.9669214036132,
              14.46729635714356
            ],
            [
              120.9671847812859,
              14.46733757773849
            ],
            [
              120.9679591860809,
              14.46734792157884
            ],
            [
              120.9682268459123,
              14.46747425457211
            ],
            [
              120.9692291866947,
              14.4684560692324
            ],
            [
              120.9692542400716,
              14.46845992719239
            ],
            [
              120.9695028732974,
              14.46839236835347
            ],
            [
              120.9695245226133,
              14.46846774393564
            ],
            [
              120.9695415533171,
              14.46851633618495
            ],
            [
              120.9695432061259,
              14.46870703956112
            ],
            [
              120.9694170526561,
              14.46906392406746
            ],
            [
              120.9692488139367,
              14.46935126814488
            ],
            [
              120.9688117762631,
              14.46952884192767
            ],
            [
              120.968036700957,
              14.46963766645846
            ],
            [
              120.9675954729579,
              14.46984450590092
            ],
            [
              120.9674331105608,
              14.47006054945864
            ],
            [
              120.9674169997566,
              14.47029824230181
            ],
            [
              120.9675886093033,
              14.47059871404777
            ],
            [
              120.9681447267911,
              14.47136967784737
            ],
            [
              120.9686770314714,
              14.47188391608329
            ],
            [
              120.9690455023238,
              14.47200941189403
            ],
            [
              120.9693657786033,
              14.47206653899356
            ],
            [
              120.9695689921466,
              14.47195957008847
            ],
            [
              120.9698727654804,
              14.4715306965232
            ],
            [
              120.9701942749204,
              14.47119340513854
            ],
            [
              120.9706090430686,
              14.47107921559852
            ],
            [
              120.9711074666883,
              14.47110985438814
            ],
            [
              120.9714497420301,
              14.47133619931678
            ],
            [
              120.9716053130113,
              14.47186756788741
            ],
            [
              120.9715880720787,
              14.47223011385865
            ],
            [
              120.9715157158616,
              14.47251828647826
            ],
            [
              120.9708126798176,
              14.47352385906082
            ],
            [
              120.9705018095524,
              14.4738784459466
            ],
            [
              120.9703461918808,
              14.47420903132974
            ],
            [
              120.9704173718271,
              14.47491176720204
            ],
            [
              120.970301884412,
              14.47520338540634
            ],
            [
              120.9706924203551,
              14.47551902558642
            ],
            [
              120.9703823230846,
              14.47578255197696
            ],
            [
              120.9697830333341,
              14.47544418689977
            ]
          ]
        ],
        "type": "Polygon"
      }
    },
    {
      "type": "Feature",
      "properties": {
        "name_kml": "Talaba 2",
        "name_db": "TALABA II",
        "centroid_lat": 14.464935,
        "centroid_lng": 120.959101
      },
      "geometry": {
        "coordinates": [
          [
            [
              120.9548431294694,
              14.46561359715137
            ],
            [
              120.9546750565676,
              14.46531754505629
            ],
            [
              120.9549068779859,
              14.46438010932253
            ],
            [
              120.9549177097204,
              14.46438056251573
            ],
            [
              120.9550569177036,
              14.4643092086438
            ],
            [
              120.9557355500023,
              14.46373906730086
            ],
            [
              120.9557613224307,
              14.46342105740673
            ],
            [
              120.9558871821319,
              14.46341414851567
            ],
            [
              120.9559100755116,
              14.46333149450195
            ],
            [
              120.9566876486243,
              14.46356845450433
            ],
            [
              120.9567572937044,
              14.46333603487307
            ],
            [
              120.9568718046699,
              14.46318337063994
            ],
            [
              120.9570569248946,
              14.46326071731496
            ],
            [
              120.9573623562199,
              14.46286925318401
            ],
            [
              120.9579222075094,
              14.46309849050546
            ],
            [
              120.9580825917795,
              14.46276608524558
            ],
            [
              120.9578434240326,
              14.46266693422782
            ],
            [
              120.9579713512874,
              14.46236880081371
            ],
            [
              120.9579943250104,
              14.46237773503543
            ],
            [
              120.9580683384816,
              14.46241703566166
            ],
            [
              120.9580893758224,
              14.46235712398908
            ],
            [
              120.9581287192054,
              14.46230544325171
            ],
            [
              120.9582108040885,
              14.4621054998251
            ],
            [
              120.9582581919221,
              14.46208032585491
            ],
            [
              120.9582737020851,
              14.46206521772756
            ],
            [
              120.9582961154538,
              14.46200142201181
            ],
            [
              120.9582935341692,
              14.4619837929683
            ],
            [
              120.9583281752009,
              14.46187417141119
            ],
            [
              120.9582772327237,
              14.4617759675615
            ],
            [
              120.9595962834587,
              14.46214550356574
            ],
            [
              120.9597147726584,
              14.4629451644277
            ],
            [
              120.960291063968,
              14.46370864979091
            ],
            [
              120.9623148121757,
              14.46632137260949
            ],
            [
              120.9626624965164,
              14.46652680797205
            ],
            [
              120.9625207218808,
              14.46659895671063
            ],
            [
              120.9623963722246,
              14.46663081813917
            ],
            [
              120.9622654965186,
              14.46657659016546
            ],
            [
              120.9621391669896,
              14.46645960229623
            ],
            [
              120.9620414040188,
              14.46633049913583
            ],
            [
              120.9618238361464,
              14.46616519659013
            ],
            [
              120.9617422814498,
              14.46615295535207
            ],
            [
              120.961424610354,
              14.466270338989
            ],
            [
              120.9613853339529,
              14.46632134691177
            ],
            [
              120.9613100658758,
              14.46636278164581
            ],
            [
              120.9612348029563,
              14.46637870997467
            ],
            [
              120.9610384764459,
              14.46635954130669
            ],
            [
              120.9608059127216,
              14.46648064246567
            ],
            [
              120.960805837749,
              14.46650988884103
            ],
            [
              120.9610406565176,
              14.4665899171395
            ],
            [
              120.9610778974034,
              14.4666143135902
            ],
            [
              120.9612083631198,
              14.46674475036654
            ],
            [
              120.9611370219019,
              14.46685150997514
            ],
            [
              120.9611871046158,
              14.46691950112241
            ],
            [
              120.9611046000391,
              14.46719410536703
            ],
            [
              120.9611412675048,
              14.46752950689442
            ],
            [
              120.9609897816001,
              14.46773442789727
            ],
            [
              120.9607429005567,
              14.46781577159345
            ],
            [
              120.9602190798727,
              14.46841924261228
            ],
            [
              120.9609570826244,
              14.46883591835579
            ],
            [
              120.9606961552092,
              14.46928074681214
            ],
            [
              120.9605286203467,
              14.46919863989608
            ],
            [
              120.9544920173397,
              14.46597698461217
            ],
            [
              120.9548431294694,
              14.46561359715137
            ]
          ]
        ],
        "type": "Polygon"
      }
    },
    {
      "type": "Feature",
      "properties": {
        "name_kml": "Queen's Row West",
        "name_db": "QUEENS ROW WEST",
        "centroid_lat": 14.402145,
        "centroid_lng": 120.986929
      },
      "geometry": {
        "coordinates": [
          [
            [
              120.98566444001086,
              14.405165645556785
            ],
            [
              120.98443875189817,
              14.40509615416305
            ],
            [
              120.9836189254852,
              14.405062237738491
            ],
            [
              120.98159491852637,
              14.405118487198942
            ],
            [
              120.98197841211507,
              14.404711256223644
            ],
            [
              120.98200681832712,
              14.404599031628116
            ],
            [
              120.98202286255994,
              14.404480238818829
            ],
            [
              120.9820214622818,
              14.40438351845951
            ],
            [
              120.9816052915112,
              14.40437513192544
            ],
            [
              120.9814970415567,
              14.40419247466001
            ],
            [
              120.9814239153912,
              14.40385590182249
            ],
            [
              120.9814753308068,
              14.4036494501927
            ],
            [
              120.981625537822,
              14.40354092940103
            ],
            [
              120.981766951764,
              14.40327932355624
            ],
            [
              120.9818224415591,
              14.4030168840575
            ],
            [
              120.9819834935037,
              14.40267999102004
            ],
            [
              120.9819916656315,
              14.40246596994174
            ],
            [
              120.9820239181397,
              14.40229345834677
            ],
            [
              120.9819666612759,
              14.40206480976082
            ],
            [
              120.9822545821729,
              14.40194815975293
            ],
            [
              120.9827533221595,
              14.40202860385023
            ],
            [
              120.9832132141871,
              14.40167783305966
            ],
            [
              120.9833565783051,
              14.40139337717877
            ],
            [
              120.983323868904,
              14.40110541776326
            ],
            [
              120.98341164873,
              14.40074566754528
            ],
            [
              120.9836027894336,
              14.40037863575073
            ],
            [
              120.9840585689605,
              14.40016965074882
            ],
            [
              120.9841215013068,
              14.39999652517487
            ],
            [
              120.9841854852964,
              14.39982050620063
            ],
            [
              120.9842094749519,
              14.39924296819989
            ],
            [
              120.9841921517581,
              14.39868820112117
            ],
            [
              120.9842616799144,
              14.39829937438304
            ],
            [
              120.9850291551983,
              14.39783674012346
            ],
            [
              120.9851953004767,
              14.39753538573346
            ],
            [
              120.9855317475394,
              14.39774441285635
            ],
            [
              120.9862213344217,
              14.39817283539575
            ],
            [
              120.9869309601598,
              14.39856097229921
            ],
            [
              120.9878515691219,
              14.39872788665227
            ],
            [
              120.9881639691659,
              14.39867012835908
            ],
            [
              120.9881955153562,
              14.39878155576151
            ],
            [
              120.9882102148084,
              14.3989916092187
            ],
            [
              120.9887307635131,
              14.39900295577499
            ],
            [
              120.9888352154449,
              14.39900648972472
            ],
            [
              120.9888409719321,
              14.39918185440306
            ],
            [
              120.9891196612085,
              14.39932903395489
            ],
            [
              120.9891305010444,
              14.39941276935039
            ],
            [
              120.9902994694894,
              14.39982220935365
            ],
            [
              120.9901949177317,
              14.39992010653749
            ],
            [
              120.9899136774319,
              14.4000887723867
            ],
            [
              120.9895945570441,
              14.40054209416233
            ],
            [
              120.9895999526291,
              14.4007055089649
            ],
            [
              120.9896756590381,
              14.40082148687861
            ],
            [
              120.9895837031084,
              14.40102706628231
            ],
            [
              120.989513366393,
              14.40141187621044
            ],
            [
              120.9895728400029,
              14.40164382450777
            ],
            [
              120.9897675178349,
              14.40190213864812
            ],
            [
              120.9899243533014,
              14.40196540727642
            ],
            [
              120.989989243,
              14.40209719799364
            ],
            [
              120.9900216743006,
              14.40233968670767
            ],
            [
              120.9901089235503,
              14.40248478172467
            ],
            [
              120.9902104409877,
              14.40263224224303
            ],
            [
              120.9902515124445,
              14.40260778252238
            ],
            [
              120.9905047764366,
              14.40254775483128
            ],
            [
              120.9907146856506,
              14.40255444130629
            ],
            [
              120.9909222882391,
              14.40291027757986
            ],
            [
              120.9909063099529,
              14.40301257466187
            ],
            [
              120.9908241534898,
              14.40326609332677
            ],
            [
              120.9910112299065,
              14.40351518125049
            ],
            [
              120.9909906789682,
              14.40375091184358
            ],
            [
              120.9905617142427,
              14.403979943618
            ],
            [
              120.9903723265081,
              14.40414672264915
            ],
            [
              120.9904407569691,
              14.40440247496899
            ],
            [
              120.9901726595836,
              14.4044591654507
            ],
            [
              120.9901542436286,
              14.40469035427754
            ],
            [
              120.9899079695251,
              14.40472008336969
            ],
            [
              120.9897436817879,
              14.4048446088927
            ],
            [
              120.989439453544,
              14.40494836912027
            ],
            [
              120.9892888451867,
              14.4052048459096
            ],
            [
              120.9893496895232,
              14.40520485038342
            ],
            [
              120.9894348729132,
              14.4051732283575
            ],
            [
              120.989467321772,
              14.40519695214856
            ],
            [
              120.9894748689832,
              14.40522448383033
            ],
            [
              120.9892578652869,
              14.40530011119354
            ],
            [
              120.9882373565632,
              14.40529972150714
            ],
            [
              120.98782245151284,
              14.405295312531301
            ],
            [
              120.98709927972688,
              14.40521199586383
            ],
            [
              120.98566444001086,
              14.405165645556785
            ]
          ]
        ],
        "type": "Polygon"
      }
    },
    {
      "type": "Feature",
      "properties": {
        "name_kml": "Queens's Row Central",
        "name_db": "QUEENS ROW CENTRAL",
        "centroid_lat": 14.396578,
        "centroid_lng": 120.989512
      },
      "geometry": {
        "coordinates": [
          [
            [
              120.9851885190311,
              14.396641016431
            ],
            [
              120.9853842110526,
              14.39630485854759
            ],
            [
              120.9856163863597,
              14.39592021873075
            ],
            [
              120.9860542834953,
              14.3942878695859
            ],
            [
              120.986065062575,
              14.39415109552339
            ],
            [
              120.99095160934,
              14.39418741335349
            ],
            [
              120.9909324954625,
              14.39422619702692
            ],
            [
              120.9911196600873,
              14.39423227939189
            ],
            [
              120.9911110335422,
              14.39414093006447
            ],
            [
              120.9915573921996,
              14.39396693069708
            ],
            [
              120.9916976805098,
              14.39384263456201
            ],
            [
              120.9920483796483,
              14.39386751774585
            ],
            [
              120.9923416998985,
              14.39374944550618
            ],
            [
              120.9926286330091,
              14.3938053999929
            ],
            [
              120.9929811553483,
              14.39361690047087
            ],
            [
              120.9930376065682,
              14.39453481978016
            ],
            [
              120.9929818763015,
              14.39453437909235
            ],
            [
              120.9929350406608,
              14.3949396438467
            ],
            [
              120.9914692285142,
              14.39507842543257
            ],
            [
              120.9916876787684,
              14.39566304439801
            ],
            [
              120.9916798334232,
              14.3957127292267
            ],
            [
              120.9914498346254,
              14.39568996038996
            ],
            [
              120.9914658294751,
              14.39582515761298
            ],
            [
              120.9913792459665,
              14.39660532577285
            ],
            [
              120.9912073254616,
              14.39706131115658
            ],
            [
              120.9910979623838,
              14.39746982437823
            ],
            [
              120.9911018011422,
              14.39749677843075
            ],
            [
              120.9911901519177,
              14.39819114021669
            ],
            [
              120.9909090941585,
              14.39894979314525
            ],
            [
              120.9907465150402,
              14.39940361600722
            ],
            [
              120.9902994694894,
              14.39982220935365
            ],
            [
              120.9892336677823,
              14.39944890455841
            ],
            [
              120.9891305010444,
              14.39941276935039
            ],
            [
              120.9891196612085,
              14.39932903395489
            ],
            [
              120.9888409719321,
              14.39918185440306
            ],
            [
              120.9888352154449,
              14.39900648972472
            ],
            [
              120.9882102148084,
              14.3989916092187
            ],
            [
              120.9881955153562,
              14.39878155576151
            ],
            [
              120.9881639691659,
              14.39867012835908
            ],
            [
              120.9878515691219,
              14.39872788665227
            ],
            [
              120.9869309601598,
              14.39856097229921
            ],
            [
              120.9862213344217,
              14.39817283539575
            ],
            [
              120.9855317475394,
              14.39774441285635
            ],
            [
              120.9851953004767,
              14.39753538573346
            ],
            [
              120.9850291551983,
              14.39783674012346
            ],
            [
              120.9850772379565,
              14.39721573361844
            ],
            [
              120.9851885190311,
              14.396641016431
            ]
          ]
        ],
        "type": "Polygon"
      }
    },
    {
      "type": "Feature",
      "properties": {
        "name_kml": "Queen's Row East",
        "name_db": "QUEENS ROW EAST",
        "centroid_lat": 14.400064,
        "centroid_lng": 120.993452
      },
      "geometry": {
        "coordinates": [
          [
            [
              120.9929823392621,
              14.39363417172606
            ],
            [
              120.9943354920198,
              14.3936843456402
            ],
            [
              120.995873178914,
              14.39384090755915
            ],
            [
              120.9959831360761,
              14.39374305041628
            ],
            [
              120.996021837906,
              14.39371947443196
            ],
            [
              120.9963000841966,
              14.39297546312152
            ],
            [
              120.9964387135347,
              14.39296479023186
            ],
            [
              120.996518609529,
              14.39296981339155
            ],
            [
              120.9965659594867,
              14.39302016715431
            ],
            [
              120.9976222320419,
              14.39307740997068
            ],
            [
              120.9977747475398,
              14.39450740276462
            ],
            [
              120.9989801143748,
              14.3949183106975
            ],
            [
              120.9990440004213,
              14.39510181434374
            ],
            [
              120.9990230243288,
              14.39577358958577
            ],
            [
              120.9990098008,
              14.39582449248494
            ],
            [
              120.9982872975292,
              14.39646514927532
            ],
            [
              120.9982546976131,
              14.39664517346736
            ],
            [
              120.9983740571397,
              14.39684614439206
            ],
            [
              120.9983904913965,
              14.39694169130984
            ],
            [
              120.9975973591425,
              14.39770412493931
            ],
            [
              120.9974343835397,
              14.39792120886203
            ],
            [
              120.997369184723,
              14.39821242456973
            ],
            [
              120.997385471353,
              14.3984665794649
            ],
            [
              120.9955257485145,
              14.39848882444504
            ],
            [
              120.9955728311306,
              14.39953833663823
            ],
            [
              120.9967524164365,
              14.39957279971183
            ],
            [
              120.9967205797194,
              14.39965969754056
            ],
            [
              120.9967400273497,
              14.39987158943847
            ],
            [
              120.9966535502429,
              14.40000277250652
            ],
            [
              120.9965608703268,
              14.40011332961039
            ],
            [
              120.9955809499157,
              14.40001827477003
            ],
            [
              120.995557152687,
              14.40087727330653
            ],
            [
              120.9953873865053,
              14.4014315712448
            ],
            [
              120.9958953760733,
              14.4016754064794
            ],
            [
              120.996225897502,
              14.40175376194728
            ],
            [
              120.9961447905289,
              14.40197189530402
            ],
            [
              120.9960597566954,
              14.40219378988864
            ],
            [
              120.9961744854592,
              14.40242496813827
            ],
            [
              120.9962217462242,
              14.40254999174565
            ],
            [
              120.996234449761,
              14.40268540611889
            ],
            [
              120.9960700709614,
              14.4027826710655
            ],
            [
              120.9959165472159,
              14.40282690373447
            ],
            [
              120.9956060320802,
              14.40284289594475
            ],
            [
              120.995531054435,
              14.40296070414326
            ],
            [
              120.9955096990918,
              14.40298810362407
            ],
            [
              120.9954095824186,
              14.40309367939819
            ],
            [
              120.9953265730082,
              14.40324199467389
            ],
            [
              120.9952657020393,
              14.40332019607333
            ],
            [
              120.9949286358748,
              14.40356253281101
            ],
            [
              120.99482091441516,
              14.403832924955996
            ],
            [
              120.99477890058658,
              14.404135392263274
            ],
            [
              120.99465783875198,
              14.404540672299676
            ],
            [
              120.99473779512718,
              14.404783676429851
            ],
            [
              120.99492065626256,
              14.404930649709687
            ],
            [
              120.9949339254666,
              14.405103507213752
            ],
            [
              120.99489698821091,
              14.40524549031022
            ],
            [
              120.9948345498876,
              14.405284548384618
            ],
            [
              120.9941064085476,
              14.40529769991836
            ],
            [
              120.99330399109347,
              14.405266699421357
            ],
            [
              120.99324913730192,
              14.405062356799657
            ],
            [
              120.9922084099599,
              14.405172455486067
            ],
            [
              120.9912450591484,
              14.40527331838417
            ],
            [
              120.9894748689832,
              14.40522448383033
            ],
            [
              120.989467321772,
              14.40519695214856
            ],
            [
              120.9894348729132,
              14.4051732283575
            ],
            [
              120.9893496895232,
              14.40520485038342
            ],
            [
              120.9892888451867,
              14.4052048459096
            ],
            [
              120.989439453544,
              14.40494836912027
            ],
            [
              120.9897436817879,
              14.4048446088927
            ],
            [
              120.9899079695251,
              14.40472008336969
            ],
            [
              120.9901542436286,
              14.40469035427754
            ],
            [
              120.9901726595836,
              14.4044591654507
            ],
            [
              120.9904407569691,
              14.40440247496903
            ],
            [
              120.9903723265081,
              14.40414672264915
            ],
            [
              120.9905617142427,
              14.403979943618
            ],
            [
              120.9909906789682,
              14.40375091184358
            ],
            [
              120.9910112299065,
              14.40351518125049
            ],
            [
              120.9908241534898,
              14.40326609332677
            ],
            [
              120.9908823777144,
              14.40308791967933
            ],
            [
              120.9909063099529,
              14.40301257466187
            ],
            [
              120.9909222882391,
              14.40291027757986
            ],
            [
              120.9907146856506,
              14.40255444130629
            ],
            [
              120.9905047764366,
              14.40254775483132
            ],
            [
              120.9902515124445,
              14.40260778252238
            ],
            [
              120.9902104409877,
              14.40263224224307
            ],
            [
              120.9901089235503,
              14.40248478172467
            ],
            [
              120.9900216743006,
              14.40233968670767
            ],
            [
              120.989989243,
              14.40209719799364
            ],
            [
              120.9899243533014,
              14.40196540727642
            ],
            [
              120.9897675178349,
              14.40190213864812
            ],
            [
              120.989572840003,
              14.40164382450777
            ],
            [
              120.989513366393,
              14.40141187621044
            ],
            [
              120.9895837031084,
              14.40102706628231
            ],
            [
              120.9896756590381,
              14.40082148687861
            ],
            [
              120.9895999526291,
              14.40070550896494
            ],
            [
              120.9895945570441,
              14.40054209416233
            ],
            [
              120.9899136774319,
              14.4000887723867
            ],
            [
              120.9901949177317,
              14.39992010653749
            ],
            [
              120.9907465937877,
              14.3994035422714
            ],
            [
              120.9909090941585,
              14.39894979314525
            ],
            [
              120.9911901519177,
              14.39819114021669
            ],
            [
              120.9910979623838,
              14.39746982437823
            ],
            [
              120.9912073254616,
              14.39706131115658
            ],
            [
              120.9913792459665,
              14.39660532577285
            ],
            [
              120.9914658294751,
              14.39582515761298
            ],
            [
              120.9914498346254,
              14.39568996038996
            ],
            [
              120.9916798334232,
              14.3957127292267
            ],
            [
              120.9916876787684,
              14.39566304439801
            ],
            [
              120.9914692285142,
              14.39507842543257
            ],
            [
              120.9929350406608,
              14.3949396438467
            ],
            [
              120.9929818763015,
              14.39453437909235
            ],
            [
              120.9930376065682,
              14.39453481978016
            ],
            [
              120.9929823392621,
              14.39363417172606
            ]
          ]
        ],
        "type": "Polygon"
      }
    },
    {
      "type": "Feature",
      "properties": {
        "name_kml": "Molino 4",
        "name_db": "MOLINO IV",
        "centroid_lat": 14.376277,
        "centroid_lng": 120.989256
      },
      "geometry": {
        "coordinates": [
          [
            [
              120.9829426657169,
              14.35844749047469
            ],
            [
              120.9829077465532,
              14.35772627423404
            ],
            [
              120.9887997858465,
              14.35773040012411
            ],
            [
              120.9923865025259,
              14.35775062167239
            ],
            [
              120.9960914638845,
              14.35858977316408
            ],
            [
              120.9975232538334,
              14.35858203460565
            ],
            [
              120.9976083118952,
              14.35886712268164
            ],
            [
              121.0008817924613,
              14.35875650320466
            ],
            [
              121.0033119539369,
              14.35739382909818
            ],
            [
              121.0074272508428,
              14.35731205890649
            ],
            [
              121.0074536248335,
              14.35762388946019
            ],
            [
              121.0075473968715,
              14.35782519892452
            ],
            [
              121.0077270556542,
              14.3585116832886
            ],
            [
              121.0075101091552,
              14.35897555205564
            ],
            [
              121.0076160874471,
              14.35962728910728
            ],
            [
              121.0068672773481,
              14.36143374111126
            ],
            [
              121.0070222283742,
              14.36198332346869
            ],
            [
              121.007066707516,
              14.36222311446683
            ],
            [
              121.0068316834183,
              14.36304252311152
            ],
            [
              121.0068429761466,
              14.36316526846053
            ],
            [
              121.0066705367686,
              14.36346805325928
            ],
            [
              121.0067831614243,
              14.36387535725041
            ],
            [
              121.0067831605586,
              14.36406524860226
            ],
            [
              121.0067488123975,
              14.36422369054926
            ],
            [
              121.0068934910876,
              14.36456442239604
            ],
            [
              121.0069233697756,
              14.3648090046807
            ],
            [
              121.0069616418506,
              14.36485773834637
            ],
            [
              121.0069760399338,
              14.36510642320255
            ],
            [
              121.0069470551838,
              14.365106365387
            ],
            [
              121.0069458657925,
              14.36524909119605
            ],
            [
              121.0069665154481,
              14.36527088928802
            ],
            [
              121.0071197151044,
              14.36527160853585
            ],
            [
              121.0071279295566,
              14.36579323695319
            ],
            [
              121.0071488226276,
              14.36640996127839
            ],
            [
              121.007118915584,
              14.36713853179287
            ],
            [
              121.0071013648915,
              14.36722502638868
            ],
            [
              121.0070869196258,
              14.36742607039724
            ],
            [
              121.0069612898791,
              14.36765249721502
            ],
            [
              121.0069206865751,
              14.36775482101453
            ],
            [
              121.0070307237085,
              14.3677839085356
            ],
            [
              121.0070060629637,
              14.3678163820285
            ],
            [
              121.0070489447099,
              14.36799258718956
            ],
            [
              121.0070205088806,
              14.36828738275675
            ],
            [
              121.0071645931739,
              14.36846781232144
            ],
            [
              121.0072021551892,
              14.36871647461872
            ],
            [
              121.0072356653194,
              14.36883934892101
            ],
            [
              121.0072728891867,
              14.36915455706224
            ],
            [
              121.0072758548346,
              14.36932566470002
            ],
            [
              121.0072679610151,
              14.36939826595898
            ],
            [
              121.0074128148947,
              14.36959422165681
            ],
            [
              121.0076437222333,
              14.37006515555193
            ],
            [
              121.0088351906265,
              14.37108510151074
            ],
            [
              121.0091186934842,
              14.37132368122485
            ],
            [
              121.00937751707,
              14.37170772978256
            ],
            [
              121.0096622313676,
              14.37213019445185
            ],
            [
              121.0098785089918,
              14.37245110818719
            ],
            [
              121.0100762220195,
              14.37283023220497
            ],
            [
              121.010444708564,
              14.37356809912718
            ],
            [
              121.0105170511619,
              14.37450136873145
            ],
            [
              121.0105490754912,
              14.37476993120551
            ],
            [
              121.0106103729233,
              14.37506692281402
            ],
            [
              121.0107731168632,
              14.37637451015826
            ],
            [
              121.0108104318019,
              14.37737271967838
            ],
            [
              121.010856017646,
              14.37750912393715
            ],
            [
              121.0109702391021,
              14.37803337515147
            ],
            [
              121.0109714076222,
              14.37814356679224
            ],
            [
              121.0110242614859,
              14.37834639425843
            ],
            [
              121.0110861858577,
              14.3788033697193
            ],
            [
              121.0113079158691,
              14.37912756834608
            ],
            [
              121.0113744399602,
              14.37949499817852
            ],
            [
              121.0114963946867,
              14.37979758575979
            ],
            [
              121.0115185732318,
              14.38007856252425
            ],
            [
              121.0114077152239,
              14.38026227985699
            ],
            [
              121.0105984230688,
              14.3804135895642
            ],
            [
              121.0101459542809,
              14.38059116862414
            ],
            [
              121.0097447880277,
              14.38074861217285
            ],
            [
              121.0092126506561,
              14.38099717460809
            ],
            [
              121.0090917009328,
              14.38112381141565
            ],
            [
              121.0089133244003,
              14.38131057487898
            ],
            [
              121.0089304490975,
              14.3815000505905
            ],
            [
              121.0089128213523,
              14.38198100588549
            ],
            [
              121.0088352223402,
              14.38252134541729
            ],
            [
              121.0086356708821,
              14.38273748319569
            ],
            [
              121.0081257000775,
              14.38293200917761
            ],
            [
              121.0080259237276,
              14.38309411112172
            ],
            [
              121.0079704932168,
              14.38329944017907
            ],
            [
              121.0079150618525,
              14.38353719021461
            ],
            [
              121.0079059948953,
              14.38375818452726
            ],
            [
              121.007450594007,
              14.38267680797908
            ],
            [
              121.0074203740501,
              14.38254738062524
            ],
            [
              121.0074189277143,
              14.3823985910712
            ],
            [
              121.0073308601447,
              14.3821474428591
            ],
            [
              121.0071998103138,
              14.3820474226023
            ],
            [
              121.0070857575059,
              14.38192622717277
            ],
            [
              121.0067886501492,
              14.38149151338596
            ],
            [
              121.0066691746003,
              14.38136543155862
            ],
            [
              121.0065561215545,
              14.38115557135904
            ],
            [
              121.0065936361239,
              14.38096968072756
            ],
            [
              121.006659795846,
              14.38080775960317
            ],
            [
              121.0066660481143,
              14.38068891091643
            ],
            [
              121.0066278393131,
              14.38042463499421
            ],
            [
              121.0065727306757,
              14.38032833871774
            ],
            [
              121.0062806516359,
              14.38047399154054
            ],
            [
              121.0048982452463,
              14.38070108157284
            ],
            [
              121.0048035504282,
              14.3807717607862
            ],
            [
              121.0048506083461,
              14.38273174571232
            ],
            [
              121.0059663437653,
              14.38271651984028
            ],
            [
              121.0057712171278,
              14.3849461497953
            ],
            [
              121.0028996081658,
              14.38494883347802
            ],
            [
              121.00289807675,
              14.38486427192474
            ],
            [
              121.0026341973568,
              14.38467087272448
            ],
            [
              121.0001774073103,
              14.38461617058686
            ],
            [
              120.9969993328015,
              14.38461576423831
            ],
            [
              120.9969797358542,
              14.38471849016435
            ],
            [
              120.9969768091374,
              14.38476962428377
            ],
            [
              120.9969784759162,
              14.38482159555406
            ],
            [
              120.9969847788986,
              14.38487320547575
            ],
            [
              120.9969956263069,
              14.38492409250598
            ],
            [
              120.997036045379,
              14.38509998278133
            ],
            [
              120.997051895681,
              14.38522751623437
            ],
            [
              120.9970570491546,
              14.38531677133096
            ],
            [
              120.992361243898,
              14.38539547257908
            ],
            [
              120.9922709897297,
              14.38534353927678
            ],
            [
              120.9919390552955,
              14.38537716269151
            ],
            [
              120.99088189776,
              14.3853400824914
            ],
            [
              120.9908692472996,
              14.3853353809803
            ],
            [
              120.9905673028298,
              14.38525932084151
            ],
            [
              120.9905402349633,
              14.38527089365794
            ],
            [
              120.9904723432536,
              14.38528639179312
            ],
            [
              120.987011251664,
              14.38527548986152
            ],
            [
              120.9867647197584,
              14.38579181707055
            ],
            [
              120.9804695782245,
              14.3857912027908
            ],
            [
              120.9803928031394,
              14.38584251288245
            ],
            [
              120.9802937345181,
              14.3857661041878
            ],
            [
              120.979188049474,
              14.38532017197257
            ],
            [
              120.9789219383116,
              14.38583891344239
            ],
            [
              120.9777693382131,
              14.38601678352169
            ],
            [
              120.977722231944,
              14.38601569343879
            ],
            [
              120.9725478114891,
              14.38736286251468
            ],
            [
              120.9725393400396,
              14.38727187533765
            ],
            [
              120.9723159577021,
              14.38732144539971
            ],
            [
              120.9711794733695,
              14.38763103837856
            ],
            [
              120.9702656109301,
              14.38745490759512
            ],
            [
              120.9694923858951,
              14.38730587920401
            ],
            [
              120.9692970602934,
              14.3872682324746
            ],
            [
              120.9691656227508,
              14.3866034531847
            ],
            [
              120.9692929626521,
              14.38633864897015
            ],
            [
              120.9693473667177,
              14.38593743184886
            ],
            [
              120.969595789444,
              14.3856800626067
            ],
            [
              120.9696142869201,
              14.3854274565898
            ],
            [
              120.9699167130941,
              14.3854958321365
            ],
            [
              120.9699523750805,
              14.38544607027024
            ],
            [
              120.9700326931745,
              14.38533912197769
            ],
            [
              120.9700369937412,
              14.38511580077336
            ],
            [
              120.9700258508699,
              14.38487436828528
            ],
            [
              120.9698482812185,
              14.38460283412461
            ],
            [
              120.9698701282597,
              14.38431159364951
            ],
            [
              120.9699371847207,
              14.384012617842
            ],
            [
              120.9699757012345,
              14.3837279147457
            ],
            [
              120.9699930529627,
              14.38366853703803
            ],
            [
              120.9701248738605,
              14.38366527070527
            ],
            [
              120.971326001379,
              14.3836345831863
            ],
            [
              120.9715732903934,
              14.38362826417726
            ],
            [
              120.9719724467381,
              14.38362320512453
            ],
            [
              120.9721643093777,
              14.38318608891082
            ],
            [
              120.9724297578222,
              14.38257175827082
            ],
            [
              120.9725352105647,
              14.3823973073197
            ],
            [
              120.9727373929153,
              14.38201697519091
            ],
            [
              120.9721490366505,
              14.38181083868033
            ],
            [
              120.9714816268851,
              14.38157700275243
            ],
            [
              120.9710437129493,
              14.38142357272087
            ],
            [
              120.971008901492,
              14.38128208466248
            ],
            [
              120.9709938659295,
              14.38123469611791
            ],
            [
              120.9712374846494,
              14.38092000893256
            ],
            [
              120.9712496084255,
              14.38082950853031
            ],
            [
              120.9713787804613,
              14.38082952784805
            ],
            [
              120.9714756638823,
              14.38080593380206
            ],
            [
              120.9716169619829,
              14.38069971297928
            ],
            [
              120.9717259584891,
              14.38065251032929
            ],
            [
              120.9718672447927,
              14.38062105288368
            ],
            [
              120.9719773588514,
              14.38054761159727
            ],
            [
              120.9721387304123,
              14.38061914128768
            ],
            [
              120.9722531698665,
              14.38058197460491
            ],
            [
              120.9724727606259,
              14.38047161599442
            ],
            [
              120.972448558117,
              14.38035750087547
            ],
            [
              120.9725656413144,
              14.38021979768661
            ],
            [
              120.9728038274385,
              14.38005063262453
            ],
            [
              120.9731389094596,
              14.37975556521407
            ],
            [
              120.9732074057827,
              14.37963547436349
            ],
            [
              120.9734868304222,
              14.37923622748757
            ],
            [
              120.974527598097,
              14.37961559669102
            ],
            [
              120.9748338883595,
              14.37980304997068
            ],
            [
              120.9756917829449,
              14.38032808830281
            ],
            [
              120.9759488108517,
              14.38048539068165
            ],
            [
              120.9760831534087,
              14.38031802734142
            ],
            [
              120.9760277233951,
              14.38024296016663
            ],
            [
              120.9761016533043,
              14.38016791064583
            ],
            [
              120.9761263284151,
              14.3799157133282
            ],
            [
              120.9764621072919,
              14.3794864154456
            ],
            [
              120.9765793114938,
              14.37826445947583
            ],
            [
              120.9763421762711,
              14.37808128437738
            ],
            [
              120.9762799732219,
              14.37800796984329
            ],
            [
              120.9758837125843,
              14.3779960854025
            ],
            [
              120.9752175443946,
              14.37797257820719
            ],
            [
              120.9741637143762,
              14.37793040142552
            ],
            [
              120.9735208377637,
              14.3779046345891
            ],
            [
              120.9734032450946,
              14.37790260042854
            ],
            [
              120.9735211656339,
              14.377787684008
            ],
            [
              120.9736239014792,
              14.37764621457475
            ],
            [
              120.9736561657124,
              14.37760178599654
            ],
            [
              120.9738248750235,
              14.37746820263237
            ],
            [
              120.9739457940306,
              14.37734306814555
            ],
            [
              120.9740728749285,
              14.37721857000728
            ],
            [
              120.9739995519957,
              14.37699831936863
            ],
            [
              120.9738528783346,
              14.37676375785877
            ],
            [
              120.9737287057652,
              14.37667857917459
            ],
            [
              120.9736504760647,
              14.37638617629728
            ],
            [
              120.973867649607,
              14.37607157809411
            ],
            [
              120.9739586351909,
              14.37589139422264
            ],
            [
              120.9739840283998,
              14.37570462002082
            ],
            [
              120.9739353134448,
              14.37485311682634
            ],
            [
              120.9739558846603,
              14.37462715956297
            ],
            [
              120.9740116777676,
              14.37432684037956
            ],
            [
              120.9740339480129,
              14.37399112805378
            ],
            [
              120.9740264251111,
              14.37379483403039
            ],
            [
              120.9739765766059,
              14.37357744724058
            ],
            [
              120.9739027409736,
              14.37349922617064
            ],
            [
              120.973717451167,
              14.37338627339694
            ],
            [
              120.9736743934722,
              14.37336002536412
            ],
            [
              120.9735805146451,
              14.37327134478016
            ],
            [
              120.9735717992372,
              14.37315684683472
            ],
            [
              120.9737857622855,
              14.37295226271515
            ],
            [
              120.9737360911928,
              14.37280514372564
            ],
            [
              120.9741450307677,
              14.37280672240115
            ],
            [
              120.9743710899414,
              14.37269264169207
            ],
            [
              120.9744720253209,
              14.37253132584803
            ],
            [
              120.9747142250337,
              14.37245266157142
            ],
            [
              120.9749443266404,
              14.37229529739041
            ],
            [
              120.9750654501032,
              14.37208676517379
            ],
            [
              120.9753520534233,
              14.37198449675998
            ],
            [
              120.975392460556,
              14.37168151692596
            ],
            [
              120.9755135669074,
              14.37159103062023
            ],
            [
              120.9753708905662,
              14.37137530395346
            ],
            [
              120.9754279007002,
              14.37136495610588
            ],
            [
              120.9756496030391,
              14.37139024693603
            ],
            [
              120.9757475153606,
              14.3712751800313
            ],
            [
              120.9755785366673,
              14.37119402396536
            ],
            [
              120.9740445794191,
              14.37102839903287
            ],
            [
              120.9734869470884,
              14.37096818991941
            ],
            [
              120.9732226108822,
              14.37099284219631
            ],
            [
              120.9733483998672,
              14.37038995870982
            ],
            [
              120.9735214918967,
              14.36956035387555
            ],
            [
              120.9736371965568,
              14.36935977996431
            ],
            [
              120.9744855171094,
              14.3693112554274
            ],
            [
              120.9763104072317,
              14.36861298007638
            ],
            [
              120.9778488113953,
              14.36802431128747
            ],
            [
              120.9795743192835,
              14.36736403185162
            ],
            [
              120.9812327136327,
              14.36672941840962
            ],
            [
              120.9815641986215,
              14.36660256746679
            ],
            [
              120.9817354772111,
              14.3665420241352
            ],
            [
              120.9817411766085,
              14.36233412137705
            ],
            [
              120.9817464175194,
              14.35844122580687
            ],
            [
              120.9829426657169,
              14.35844749047469
            ]
          ]
        ],
        "type": "Polygon"
      }
    },
    {
      "type": "Feature",
      "properties": {
        "name_kml": "Sinbanali",
        "name_db": "SINBANALI",
        "centroid_lat": 14.457802,
        "centroid_lng": 120.930139
      },
      "geometry": {
        "coordinates": [
          [
            [
              120.9251360217204,
              14.46142364501956
            ],
            [
              120.9250108189639,
              14.46146355228097
            ],
            [
              120.924815339368,
              14.46149781451394
            ],
            [
              120.9247618316492,
              14.46135828135444
            ],
            [
              120.9247460231653,
              14.46119193588272
            ],
            [
              120.9247353768978,
              14.46107991006482
            ],
            [
              120.924627289668,
              14.46034074959822
            ],
            [
              120.9246227336261,
              14.46017246554945
            ],
            [
              120.924618177584,
              14.46000418150047
            ],
            [
              120.9246151391518,
              14.45989619182691
            ],
            [
              120.9246121007196,
              14.45978820215334
            ],
            [
              120.9246429105368,
              14.45971622062609
            ],
            [
              120.9246737203539,
              14.45964423909887
            ],
            [
              120.9247878015519,
              14.45955891408449
            ],
            [
              120.9249394296162,
              14.45944550655553
            ],
            [
              120.9250986505494,
              14.45932642007445
            ],
            [
              120.9253818870369,
              14.45924852561377
            ],
            [
              120.9256805363863,
              14.4591136424405
            ],
            [
              120.9259791857355,
              14.45897875926703
            ],
            [
              120.9264410500213,
              14.45866695013639
            ],
            [
              120.9267807399104,
              14.45853581434309
            ],
            [
              120.9270198556164,
              14.4584511693655
            ],
            [
              120.9270814507692,
              14.45837319777332
            ],
            [
              120.9271245705705,
              14.45830721931394
            ],
            [
              120.9274694042775,
              14.45813935312303
            ],
            [
              120.9276531015362,
              14.45796353050673
            ],
            [
              120.9278319448126,
              14.45779235247262
            ],
            [
              120.9278368079787,
              14.45778769776732
            ],
            [
              120.9281899876276,
              14.45744965634063
            ],
            [
              120.9282885675041,
              14.4572397115765
            ],
            [
              120.9284735626274,
              14.45639386114888
            ],
            [
              120.9284004762287,
              14.45607125616839
            ],
            [
              120.9282005395061,
              14.45549030266328
            ],
            [
              120.9283168906192,
              14.45507984844635
            ],
            [
              120.9285058702501,
              14.45466941781799
            ],
            [
              120.9289855826202,
              14.45363626515009
            ],
            [
              120.9292035478271,
              14.45340985784039
            ],
            [
              120.929465036486,
              14.45333916931347
            ],
            [
              120.9297490083774,
              14.45341859145554
            ],
            [
              120.9299007365764,
              14.45355163576159
            ],
            [
              120.9301620460382,
              14.45400467897198
            ],
            [
              120.9304072948698,
              14.45478066362391
            ],
            [
              120.9305974495894,
              14.45509475023899
            ],
            [
              120.9308588582189,
              14.45526469428167
            ],
            [
              120.9311604190869,
              14.45534383386475
            ],
            [
              120.9315415373032,
              14.45537815257159
            ],
            [
              120.93209351679,
              14.45539248305459
            ],
            [
              120.9323226673982,
              14.45528172840706
            ],
            [
              120.9328298625162,
              14.45503658618661
            ],
            [
              120.9330435740796,
              14.45493329265297
            ],
            [
              120.9337035097532,
              14.45531857682134
            ],
            [
              120.9339032625511,
              14.45568750418699
            ],
            [
              120.934372140717,
              14.45640903407771
            ],
            [
              120.9347368775616,
              14.45649739047615
            ],
            [
              120.9350759517749,
              14.4564406458133
            ],
            [
              120.9354556798892,
              14.45637709709261
            ],
            [
              120.9366859798718,
              14.45643872192481
            ],
            [
              120.9367131635825,
              14.4564400830513
            ],
            [
              120.9365483415402,
              14.45706832737918
            ],
            [
              120.9375466234935,
              14.45709090671011
            ],
            [
              120.9375349227821,
              14.45743843195185
            ],
            [
              120.9384257781175,
              14.45756911001074
            ],
            [
              120.9384294289749,
              14.45773159699481
            ],
            [
              120.9383891354346,
              14.45772969357583
            ],
            [
              120.938375749877,
              14.45782162659155
            ],
            [
              120.9382112550658,
              14.45782008116444
            ],
            [
              120.938225992037,
              14.45824354940068
            ],
            [
              120.9378375677466,
              14.45825867494178
            ],
            [
              120.9378164091492,
              14.45875118432761
            ],
            [
              120.9377809112329,
              14.45886838222516
            ],
            [
              120.9376925121947,
              14.45884887044129
            ],
            [
              120.9371119484593,
              14.46088136261661
            ],
            [
              120.9320444081838,
              14.46005103964264
            ],
            [
              120.9277700209551,
              14.46036546906981
            ],
            [
              120.9275300248838,
              14.46042675175418
            ],
            [
              120.9268095205288,
              14.46065019261535
            ],
            [
              120.9263344997936,
              14.46086076594421
            ],
            [
              120.9253735910099,
              14.46130979084315
            ],
            [
              120.9251360217204,
              14.46142364501956
            ]
          ]
        ],
        "type": "Polygon"
      }
    },
    {
      "type": "Feature",
      "properties": {
        "name_kml": "Poblacion",
        "name_db": "POBLACION",
        "centroid_lat": 14.459068,
        "centroid_lng": 120.940177
      },
      "geometry": {
        "coordinates": [
          [
            [
              120.9372800480027,
              14.46069244068863
            ],
            [
              120.9371860888142,
              14.4606218079742
            ],
            [
              120.9376925121947,
              14.45884887044129
            ],
            [
              120.9377809112329,
              14.45886838222516
            ],
            [
              120.9378164091492,
              14.45875118432761
            ],
            [
              120.9378375677466,
              14.45825867494178
            ],
            [
              120.938225992037,
              14.45824354940068
            ],
            [
              120.9382112550658,
              14.45782008116444
            ],
            [
              120.938375749877,
              14.45782162659155
            ],
            [
              120.9383891354346,
              14.45772969357583
            ],
            [
              120.9384294289749,
              14.45773159699481
            ],
            [
              120.9384260169803,
              14.45756914504864
            ],
            [
              120.9375349227821,
              14.45743843195185
            ],
            [
              120.9375466234935,
              14.45709090671011
            ],
            [
              120.9379874716545,
              14.45710087671601
            ],
            [
              120.9382865447666,
              14.45700572963515
            ],
            [
              120.9383226149915,
              14.45695945531026
            ],
            [
              120.9384760991205,
              14.45695001594537
            ],
            [
              120.9384927578441,
              14.45652394880976
            ],
            [
              120.9386816506056,
              14.45652404612947
            ],
            [
              120.939410248825,
              14.45685591982679
            ],
            [
              120.9399317840791,
              14.45705142621715
            ],
            [
              120.940172801229,
              14.45719552779562
            ],
            [
              120.9406233133927,
              14.45718780381193
            ],
            [
              120.9407909978807,
              14.45716556677108
            ],
            [
              120.9409379820921,
              14.45714607474149
            ],
            [
              120.9409832140524,
              14.45700304901982
            ],
            [
              120.9407573264593,
              14.45636378322037
            ],
            [
              120.940932280677,
              14.456388303619
            ],
            [
              120.9409880600322,
              14.45539558523738
            ],
            [
              120.9411371524922,
              14.4554031458239
            ],
            [
              120.9411919163281,
              14.45541031495846
            ],
            [
              120.9413988446647,
              14.455437401742
            ],
            [
              120.9414553086327,
              14.45544479182111
            ],
            [
              120.9415943167814,
              14.45546299118065
            ],
            [
              120.9415858570671,
              14.4555066579309
            ],
            [
              120.9415745603198,
              14.45556528698759
            ],
            [
              120.94159411091,
              14.45555842740813
            ],
            [
              120.9416256503747,
              14.45553700002718
            ],
            [
              120.9417526058069,
              14.45538410964127
            ],
            [
              120.9418399636431,
              14.4553123253265
            ],
            [
              120.9419369140859,
              14.45526265781803
            ],
            [
              120.9419628082133,
              14.45525167777332
            ],
            [
              120.9420951822807,
              14.4552033524184
            ],
            [
              120.9421838870756,
              14.45519140896057
            ],
            [
              120.9422082797107,
              14.45531734164102
            ],
            [
              120.9422692819403,
              14.45531004973794
            ],
            [
              120.942330163727,
              14.45530768927499
            ],
            [
              120.9423886984166,
              14.45531334522742
            ],
            [
              120.9424546326975,
              14.45532075669066
            ],
            [
              120.9429137435419,
              14.45542967855527
            ],
            [
              120.9431329939227,
              14.45548190389117
            ],
            [
              120.9431050656,
              14.45564002879989
            ],
            [
              120.9433449339465,
              14.45568960312706
            ],
            [
              120.9434416353164,
              14.45570971788272
            ],
            [
              120.9435516218659,
              14.45573259468289
            ],
            [
              120.9437449849192,
              14.45575596914338
            ],
            [
              120.9437148089548,
              14.45583937813189
            ],
            [
              120.9434049704652,
              14.45702629278665
            ],
            [
              120.9434114212468,
              14.45821073304741
            ],
            [
              120.9433001152807,
              14.45827685343729
            ],
            [
              120.9431750586615,
              14.45957129401254
            ],
            [
              120.941460948829,
              14.45942644449224
            ],
            [
              120.941417700771,
              14.45984186685643
            ],
            [
              120.9414233883426,
              14.45990594080785
            ],
            [
              120.9413869188134,
              14.46036729897184
            ],
            [
              120.9416159657177,
              14.46040012298143
            ],
            [
              120.9416011892454,
              14.46059024814257
            ],
            [
              120.9416832115565,
              14.46059993014245
            ],
            [
              120.941688003352,
              14.4605613925963
            ],
            [
              120.941814964393,
              14.46057476377302
            ],
            [
              120.9418110122414,
              14.46061904365378
            ],
            [
              120.9419803202004,
              14.46063392948999
            ],
            [
              120.9419756091834,
              14.46085506008055
            ],
            [
              120.9418651220903,
              14.46086450917837
            ],
            [
              120.9418281002061,
              14.46102941919965
            ],
            [
              120.9417997358343,
              14.46102563242811
            ],
            [
              120.9416567018057,
              14.4616346054
            ],
            [
              120.9414799146071,
              14.46160550389408
            ],
            [
              120.9406130099655,
              14.46134927884278
            ],
            [
              120.9406308221936,
              14.46166786393369
            ],
            [
              120.9405693352585,
              14.46183580695374
            ],
            [
              120.9406887486462,
              14.46188627299844
            ],
            [
              120.9406965824124,
              14.46203685130547
            ],
            [
              120.9405622614371,
              14.46210306833624
            ],
            [
              120.9404553177911,
              14.46220041306504
            ],
            [
              120.9404323559775,
              14.46244057840518
            ],
            [
              120.940357472342,
              14.46256122938039
            ],
            [
              120.9402738648424,
              14.4626278900369
            ],
            [
              120.940158870021,
              14.4625982417474
            ],
            [
              120.9401176186059,
              14.46232157180988
            ],
            [
              120.9400414029375,
              14.46233662957855
            ],
            [
              120.9399771959861,
              14.46254947681507
            ],
            [
              120.9398315350342,
              14.46259537637546
            ],
            [
              120.9396682817963,
              14.46254901888677
            ],
            [
              120.9395727071857,
              14.46241339734122
            ],
            [
              120.9396648043266,
              14.46217608388829
            ],
            [
              120.9397281830075,
              14.46205308602811
            ],
            [
              120.9396097952187,
              14.46204049578898
            ],
            [
              120.9395697422594,
              14.46215157068286
            ],
            [
              120.9394822424325,
              14.46214032132834
            ],
            [
              120.9395479436603,
              14.46191591169578
            ],
            [
              120.9392945644262,
              14.46182605227623
            ],
            [
              120.9391672604419,
              14.46179798059434
            ],
            [
              120.9389219423178,
              14.46173443035295
            ],
            [
              120.9389447416723,
              14.46159535246646
            ],
            [
              120.9388636649076,
              14.46154693046189
            ],
            [
              120.938843230283,
              14.46146473315521
            ],
            [
              120.9388663154917,
              14.46138345915129
            ],
            [
              120.9380997755923,
              14.46102538392573
            ],
            [
              120.9380103495132,
              14.46104742271161
            ],
            [
              120.9379400020462,
              14.46105658733495
            ],
            [
              120.9378509068566,
              14.46104276542389
            ],
            [
              120.937765347795,
              14.46100832576565
            ],
            [
              120.9377290086171,
              14.4609849285309
            ],
            [
              120.9376958326861,
              14.46092729540039
            ],
            [
              120.937695048424,
              14.46089142499922
            ],
            [
              120.9376972341222,
              14.46077543106784
            ],
            [
              120.9377010610469,
              14.46072329946689
            ],
            [
              120.9376867641106,
              14.46070143871919
            ],
            [
              120.9376376956595,
              14.46070100875629
            ],
            [
              120.9375475155379,
              14.46068391692218
            ],
            [
              120.9375279655714,
              14.4607478652431
            ],
            [
              120.9375120720687,
              14.46077815562434
            ],
            [
              120.9374784758902,
              14.46079307604096
            ],
            [
              120.937420495916,
              14.46079148116194
            ],
            [
              120.9373721575873,
              14.46074215273555
            ],
            [
              120.9372800480027,
              14.46069244068863
            ]
          ]
        ],
        "type": "Polygon"
      }
    },
    {
      "type": "Feature",
      "properties": {
        "name_kml": "Kaingin Digman",
            "name_db": "KAINGIN DIGMAN",
            "centroid_lat": 14.459921,
            "centroid_lng": 120.94442
      },
      "geometry": {
        "coordinates": [
          [
            [
              120.9433001152807,
              14.45827685343729
            ],
            [
              120.9434114212468,
              14.45821073304741
            ],
            [
              120.9434049444998,
              14.45702627289517
            ],
            [
              120.9437148089548,
              14.45583937813189
            ],
            [
              120.943850601033,
              14.4557853328604
            ],
            [
              120.9440489922062,
              14.45577262842693
            ],
            [
              120.9442584435977,
              14.45582174994874
            ],
            [
              120.9444376644378,
              14.45593955613431
            ],
            [
              120.944643024659,
              14.45621634388922
            ],
            [
              120.9449551491979,
              14.45643231739338
            ],
            [
              120.945174687288,
              14.45642452405645
            ],
            [
              120.9453378411985,
              14.45637746291882
            ],
            [
              120.9458494812938,
              14.4561558164749
            ],
            [
              120.9460448537159,
              14.45613231545789
            ],
            [
              120.9461555932533,
              14.4562638410848
            ],
            [
              120.9461879901075,
              14.45645931410509
            ],
            [
              120.9461394036254,
              14.45737585801769
            ],
            [
              120.9461575193266,
              14.4574170778285
            ],
            [
              120.9462320270454,
              14.45747008826306
            ],
            [
              120.9464112724618,
              14.45750546173086
            ],
            [
              120.9468826133324,
              14.45735053334426
            ],
            [
              120.9470788806873,
              14.45732688821892
            ],
            [
              120.9473643383272,
              14.45731919309554
            ],
            [
              120.947435199006,
              14.45729111229234
            ],
            [
              120.9474391338466,
              14.45739170203603
            ],
            [
              120.9473809640708,
              14.45875044320853
            ],
            [
              120.9473383058714,
              14.45974683422786
            ],
            [
              120.9473711590512,
              14.4598793338624
            ],
            [
              120.9473308022662,
              14.46030966857423
            ],
            [
              120.9474902228254,
              14.46035385545055
            ],
            [
              120.9477524777614,
              14.46040278873449
            ],
            [
              120.9479057081814,
              14.46040924700901
            ],
            [
              120.9480153963354,
              14.46039214928517
            ],
            [
              120.9481263700617,
              14.46078238490627
            ],
            [
              120.9480483586858,
              14.4607882621542
            ],
            [
              120.9478246302928,
              14.4619868068891
            ],
            [
              120.9478040497018,
              14.46210563372199
            ],
            [
              120.9476165989867,
              14.46260865957912
            ],
            [
              120.9469843884861,
              14.46254758309185
            ],
            [
              120.9469185419836,
              14.46292603432728
            ],
            [
              120.946875546298,
              14.46308045996036
            ],
            [
              120.9454688192762,
              14.46257436976593
            ],
            [
              120.9445716058853,
              14.46234368345536
            ],
            [
              120.9436356360931,
              14.46221936450302
            ],
            [
              120.9435246745443,
              14.46209370813815
            ],
            [
              120.9433397977985,
              14.46203110275931
            ],
            [
              120.9432432695617,
              14.46254192935113
            ],
            [
              120.9429914269409,
              14.46249419280925
            ],
            [
              120.9429594693095,
              14.46264880147756
            ],
            [
              120.9429496514663,
              14.46295989625874
            ],
            [
              120.9426972941579,
              14.46293628909715
            ],
            [
              120.9426751487213,
              14.46304624342787
            ],
            [
              120.9426207988659,
              14.46313496320244
            ],
            [
              120.9426054936674,
              14.463612263711
            ],
            [
              120.942379000489,
              14.46360245314024
            ],
            [
              120.9424178763719,
              14.46301236790469
            ],
            [
              120.9418238153333,
              14.46287494403073
            ],
            [
              120.9419004597816,
              14.4626258794341
            ],
            [
              120.9419848517393,
              14.46215507304318
            ],
            [
              120.9420946245563,
              14.46183012092114
            ],
            [
              120.9416567018057,
              14.4616346054
            ],
            [
              120.9417997358343,
              14.46102563242811
            ],
            [
              120.9418281002061,
              14.46102941919965
            ],
            [
              120.9418651220903,
              14.46086450917837
            ],
            [
              120.9419756091834,
              14.46085506008055
            ],
            [
              120.9419803202004,
              14.46063392948999
            ],
            [
              120.9418110122414,
              14.46061904365378
            ],
            [
              120.941814964393,
              14.46057476377302
            ],
            [
              120.941688003352,
              14.4605613925963
            ],
            [
              120.9416832115565,
              14.46059993014245
            ],
            [
              120.9416011892454,
              14.46059024814257
            ],
            [
              120.9416159657177,
              14.46040012298143
            ],
            [
              120.9413869188134,
              14.46036729897184
            ],
            [
              120.941423387441,
              14.45990585223123
            ],
            [
              120.941417700771,
              14.45984186685643
            ],
            [
              120.941460948829,
              14.45942644449224
            ],
            [
              120.9431385761433,
              14.45956745318564
            ],
            [
              120.9431751022573,
              14.45957129860222
            ],
            [
              120.9433001152807,
              14.45827685343729
            ]
          ]
        ],
        "type": "Polygon"
      }
    },
    {
      "type": "Feature",
      "properties": {
        "name_kml": "Mabolo",
        "name_db": "MABOLO",
        "centroid_lat": 14.450642,
        "centroid_lng": 120.931744
      },
      "geometry": {
        "coordinates": [
          [
            [
              120.9283168906192,
              14.45507984844635
            ],
            [
              120.9282005395061,
              14.45549030266328
            ],
            [
              120.9280423434167,
              14.4552199047322
            ],
            [
              120.927918410421,
              14.45496864124926
            ],
            [
              120.9276237662436,
              14.45437127300083
            ],
            [
              120.9275842387372,
              14.45405949692383
            ],
            [
              120.9276212211863,
              14.45356013712336
            ],
            [
              120.9279417509922,
              14.45185796351126
            ],
            [
              120.9279731231349,
              14.45120961790406
            ],
            [
              120.9279053116136,
              14.45081782160086
            ],
            [
              120.9278506591131,
              14.45065177037729
            ],
            [
              120.9277810594984,
              14.45044705858161
            ],
            [
              120.9277097610537,
              14.45026264668278
            ],
            [
              120.9276803548041,
              14.45018658795375
            ],
            [
              120.9276172790016,
              14.44995452000641
            ],
            [
              120.9275829033202,
              14.44982724533904
            ],
            [
              120.9274433202949,
              14.44954029413365
            ],
            [
              120.9272366112998,
              14.44911534557195
            ],
            [
              120.9272792224989,
              14.44895943194202
            ],
            [
              120.92742458106,
              14.44842756579226
            ],
            [
              120.927606136663,
              14.44782383423835
            ],
            [
              120.9278004683715,
              14.44765081156136
            ],
            [
              120.9280894660347,
              14.44741853077856
            ],
            [
              120.9285794241948,
              14.44724212007103
            ],
            [
              120.9292371934985,
              14.44695458650072
            ],
            [
              120.9300023238377,
              14.44669978612448
            ],
            [
              120.9305338318899,
              14.44647375815286
            ],
            [
              120.9308950191077,
              14.44626844978492
            ],
            [
              120.9309379820151,
              14.44645514798042
            ],
            [
              120.9311842330226,
              14.44677777863825
            ],
            [
              120.9314966843745,
              14.4464940386557
            ],
            [
              120.9315609409555,
              14.44617716332541
            ],
            [
              120.9320495773289,
              14.44636117229994
            ],
            [
              120.9319254623237,
              14.44668121227538
            ],
            [
              120.9323005535184,
              14.44683025459219
            ],
            [
              120.933852504111,
              14.44728393798828
            ],
            [
              120.9337331639323,
              14.44734696332196
            ],
            [
              120.9336099053263,
              14.44749484696496
            ],
            [
              120.9335997520942,
              14.44769346573871
            ],
            [
              120.9334953168933,
              14.44813642521961
            ],
            [
              120.9332235692848,
              14.44801199464944
            ],
            [
              120.9330273499666,
              14.44792214747746
            ],
            [
              120.9329423712528,
              14.44809001022908
            ],
            [
              120.9331325625362,
              14.44820674684317
            ],
            [
              120.9329966045796,
              14.4483840587831
            ],
            [
              120.9329490596566,
              14.44836003239594
            ],
            [
              120.9328963097406,
              14.4484562235575
            ],
            [
              120.9327804817223,
              14.44868367876937
            ],
            [
              120.9326261668055,
              14.44874291058254
            ],
            [
              120.9323566781679,
              14.44881125919906
            ],
            [
              120.9322518095391,
              14.44883332102655
            ],
            [
              120.9321938867381,
              14.44885721691358
            ],
            [
              120.9321673645407,
              14.44891364601501
            ],
            [
              120.9321791279109,
              14.44896147811273
            ],
            [
              120.9322197575711,
              14.44898827484669
            ],
            [
              120.9323758192916,
              14.44903041308219
            ],
            [
              120.9323820282668,
              14.44912522830993
            ],
            [
              120.9325065480553,
              14.44948403207244
            ],
            [
              120.9326012215105,
              14.44954506956122
            ],
            [
              120.9326190919899,
              14.44963637290359
            ],
            [
              120.9326190927002,
              14.44963688665139
            ],
            [
              120.9329860711044,
              14.44956087800401
            ],
            [
              120.9338610336063,
              14.44980791955107
            ],
            [
              120.9340131588863,
              14.44980930871965
            ],
            [
              120.9342755795002,
              14.4498476717108
            ],
            [
              120.9349005010146,
              14.45014040839193
            ],
            [
              120.934845582136,
              14.45038971181468
            ],
            [
              120.935218682825,
              14.45047543080706
            ],
            [
              120.9352398864323,
              14.45069089045095
            ],
            [
              120.9352275961538,
              14.45079789974681
            ],
            [
              120.9352497176728,
              14.45079078599119
            ],
            [
              120.9353567498301,
              14.45077808057735
            ],
            [
              120.9355727459614,
              14.4507852437295
            ],
            [
              120.935589409095,
              14.45079558237736
            ],
            [
              120.9356233548213,
              14.45081664308502
            ],
            [
              120.9356482378287,
              14.45084655599069
            ],
            [
              120.9363086852627,
              14.45123227328851
            ],
            [
              120.9357663379569,
              14.45213901701305
            ],
            [
              120.9357257762525,
              14.45215534354123
            ],
            [
              120.9356759331374,
              14.45214168775088
            ],
            [
              120.9355961578894,
              14.45260188863013
            ],
            [
              120.9355028751639,
              14.45262380054665
            ],
            [
              120.9354626925734,
              14.45275417836092
            ],
            [
              120.9354490215851,
              14.45366690117952
            ],
            [
              120.9353419181306,
              14.45384941397144
            ],
            [
              120.9351010591892,
              14.4538754194411
            ],
            [
              120.9341027863646,
              14.45551642897963
            ],
            [
              120.9339032625511,
              14.45568750418699
            ],
            [
              120.9337035097532,
              14.45531857682134
            ],
            [
              120.9330435740796,
              14.45493329265297
            ],
            [
              120.9323226673982,
              14.45528172840706
            ],
            [
              120.93209351679,
              14.45539248305459
            ],
            [
              120.9315415373032,
              14.45537815257159
            ],
            [
              120.9311604190869,
              14.45534383386475
            ],
            [
              120.9308588582189,
              14.45526469428167
            ],
            [
              120.9305974495894,
              14.45509475023899
            ],
            [
              120.9304072948698,
              14.45478066362391
            ],
            [
              120.9301620460382,
              14.45400467897198
            ],
            [
              120.9299007365764,
              14.45355163576159
            ],
            [
              120.9297490083774,
              14.45341859145554
            ],
            [
              120.929465036486,
              14.45333916931347
            ],
            [
              120.9292035478271,
              14.45340985784039
            ],
            [
              120.9289855826202,
              14.45363626515009
            ],
            [
              120.9283168906192,
              14.45507984844635
            ]
          ]
        ],
        "type": "Polygon"
      }
    },
    {
      "type": "Feature",
      "properties": {
        "name_kml": "Salinas 2",
        "name_db": "SALINAS II",
        "centroid_lat": 14.440658,
        "centroid_lng": 120.943362
      },
      "geometry": {
        "coordinates": [
          [
            [
              120.9415033392163,
              14.43783448285395
            ],
            [
              120.9415449394424,
              14.43772028378435
            ],
            [
              120.9420922680983,
              14.4361785964414
            ],
            [
              120.9421128912211,
              14.43599717736125
            ],
            [
              120.9422097482498,
              14.43541117031796
            ],
            [
              120.942325510505,
              14.4352029886837
            ],
            [
              120.9431503967738,
              14.43535184783227
            ],
            [
              120.9430265286139,
              14.43605492042174
            ],
            [
              120.94342426586,
              14.43613495621249
            ],
            [
              120.9435569313014,
              14.43589216700927
            ],
            [
              120.9457676732733,
              14.43634570428505
            ],
            [
              120.9458000796543,
              14.43613275896179
            ],
            [
              120.9457289302255,
              14.43587276312309
            ],
            [
              120.9465574556381,
              14.43553429701855
            ],
            [
              120.9465510239536,
              14.43575878418369
            ],
            [
              120.9469529663412,
              14.43578113513506
            ],
            [
              120.9471272753397,
              14.43582733399084
            ],
            [
              120.9470248426173,
              14.4359546652124
            ],
            [
              120.946668539827,
              14.43595613500697
            ],
            [
              120.9465246219008,
              14.43600794968568
            ],
            [
              120.9463842759824,
              14.43643336925921
            ],
            [
              120.946927251282,
              14.43648984052799
            ],
            [
              120.9471224639299,
              14.43654179368409
            ],
            [
              120.9471883461034,
              14.43658929712015
            ],
            [
              120.9474474876009,
              14.43665426810498
            ],
            [
              120.9477408002354,
              14.43678613464715
            ],
            [
              120.9487693911653,
              14.43665612352888
            ],
            [
              120.9485494318015,
              14.43618782821803
            ],
            [
              120.9495194858423,
              14.43825306753875
            ],
            [
              120.9487201624762,
              14.43803391029356
            ],
            [
              120.9479229212386,
              14.43798555529243
            ],
            [
              120.9474856811303,
              14.43796448027466
            ],
            [
              120.9468801355393,
              14.43807223784461
            ],
            [
              120.9465781372963,
              14.43835868768146
            ],
            [
              120.9467126485627,
              14.43868765102414
            ],
            [
              120.9467235020494,
              14.43902578127898
            ],
            [
              120.9467993153216,
              14.43926517334439
            ],
            [
              120.9465783619206,
              14.4392774905841
            ],
            [
              120.9464258127642,
              14.43933017377915
            ],
            [
              120.946434959693,
              14.43980821930971
            ],
            [
              120.9465029490569,
              14.44013009497091
            ],
            [
              120.9465877066878,
              14.44017747883746
            ],
            [
              120.9466217425134,
              14.44018209620291
            ],
            [
              120.9467526968518,
              14.44019984483799
            ],
            [
              120.9471313660819,
              14.44024128698191
            ],
            [
              120.9471254354596,
              14.440356755868
            ],
            [
              120.9469318566997,
              14.44039753751051
            ],
            [
              120.9469549625853,
              14.44053052970073
            ],
            [
              120.9467859544092,
              14.44054461824398
            ],
            [
              120.9467049340002,
              14.44051920360614
            ],
            [
              120.9463950373365,
              14.44055703673713
            ],
            [
              120.9461479823812,
              14.44058231322308
            ],
            [
              120.9461631061623,
              14.4407037679137
            ],
            [
              120.9453982428575,
              14.44088462352099
            ],
            [
              120.9454813617834,
              14.44138224431596
            ],
            [
              120.9450050927235,
              14.441375981467
            ],
            [
              120.9450176029121,
              14.44119252389251
            ],
            [
              120.9447903999228,
              14.44117788269518
            ],
            [
              120.9435497721784,
              14.44121116234085
            ],
            [
              120.9435631825951,
              14.44130282367706
            ],
            [
              120.943633672962,
              14.44148124745301
            ],
            [
              120.9440584312803,
              14.44206240290949
            ],
            [
              120.9441121435623,
              14.44217698912025
            ],
            [
              120.9440768319351,
              14.44232592300543
            ],
            [
              120.9440784887071,
              14.44240776093714
            ],
            [
              120.9440180082854,
              14.44246994096351
            ],
            [
              120.9438338747918,
              14.44252405737007
            ],
            [
              120.9435515347121,
              14.44256509774253
            ],
            [
              120.9433215258455,
              14.44291420744855
            ],
            [
              120.943302387519,
              14.443083990865
            ],
            [
              120.9432587511214,
              14.44316733958812
            ],
            [
              120.9432049884035,
              14.44323133973822
            ],
            [
              120.9431034066117,
              14.44345245451759
            ],
            [
              120.9425240145007,
              14.44392658778104
            ],
            [
              120.9424523151951,
              14.44406041732664
            ],
            [
              120.9423537136671,
              14.4442960808176
            ],
            [
              120.9422999461437,
              14.44437172043014
            ],
            [
              120.9420969006578,
              14.44470608367491
            ],
            [
              120.9419955773207,
              14.44458797827917
            ],
            [
              120.9419059892301,
              14.44473862121661
            ],
            [
              120.9415190926237,
              14.44460437719683
            ],
            [
              120.9414476712587,
              14.4446852723297
            ],
            [
              120.9409829165502,
              14.4445716396701
            ],
            [
              120.9407972890074,
              14.44532168827093
            ],
            [
              120.9409093208046,
              14.44540060103581
            ],
            [
              120.9407387616933,
              14.44551577846856
            ],
            [
              120.940625302133,
              14.44546504734462
            ],
            [
              120.9402373678178,
              14.44551264370695
            ],
            [
              120.9401235910618,
              14.44528756286831
            ],
            [
              120.9397054933099,
              14.44491567764041
            ],
            [
              120.9395377147836,
              14.44472661013572
            ],
            [
              120.9393947774214,
              14.44431280029221
            ],
            [
              120.939363601966,
              14.44422285711015
            ],
            [
              120.9394215559277,
              14.44412024239126
            ],
            [
              120.9393980235397,
              14.44406384372045
            ],
            [
              120.9394391379198,
              14.44406869587281
            ],
            [
              120.9399723619407,
              14.44342058086691
            ],
            [
              120.9400110693718,
              14.44328140607426
            ],
            [
              120.9400474044246,
              14.44314684483403
            ],
            [
              120.9400094090558,
              14.44308958664124
            ],
            [
              120.9399979143261,
              14.44305924853709
            ],
            [
              120.9399900953119,
              14.44300653198069
            ],
            [
              120.9400099378805,
              14.44294005638039
            ],
            [
              120.9400282280763,
              14.44290666922694
            ],
            [
              120.9400876277975,
              14.4428726400639
            ],
            [
              120.9401527283381,
              14.44283327816955
            ],
            [
              120.9401937388848,
              14.4427875720597
            ],
            [
              120.9402162577387,
              14.44274132876502
            ],
            [
              120.9402410401292,
              14.44267244846856
            ],
            [
              120.9402829503275,
              14.44258481637082
            ],
            [
              120.9403433856115,
              14.44243826329874
            ],
            [
              120.9402538694688,
              14.44233921796341
            ],
            [
              120.9402225790197,
              14.44227785874242
            ],
            [
              120.9402011398278,
              14.44215099361402
            ],
            [
              120.9401930097357,
              14.44208533052482
            ],
            [
              120.9402120521229,
              14.44197021024275
            ],
            [
              120.9402705439687,
              14.44181149814484
            ],
            [
              120.9403487126005,
              14.4416920128025
            ],
            [
              120.9403920720395,
              14.44152055852936
            ],
            [
              120.9404412289657,
              14.44134283014204
            ],
            [
              120.9406376755123,
              14.44116397663371
            ],
            [
              120.9407620817624,
              14.44082402742005
            ],
            [
              120.9409478402529,
              14.44052368651787
            ],
            [
              120.9411224441219,
              14.43989846638352
            ],
            [
              120.9413124706496,
              14.43921801673385
            ],
            [
              120.9413349113114,
              14.43910278847256
            ],
            [
              120.9413500244489,
              14.4389687356516
            ],
            [
              120.9414196401816,
              14.43862638211316
            ],
            [
              120.9414557888468,
              14.43834931015958
            ],
            [
              120.9414346243984,
              14.43834563018413
            ],
            [
              120.9415033392163,
              14.43783448285395
            ]
          ]
        ],
        "type": "Polygon"
      }
    },
    {
      "type": "Feature",
      "properties": {
        "name_kml": "Maliksi 2",
        "name_db": "MALIKSI II",
        "centroid_lat": 14.461263,
        "centroid_lng": 120.9494
      },
      "geometry": {
        "coordinates": [
          [
            [
              120.9474511091552,
              14.457285395023455
            ],
            [
              120.9477747463113,
              14.457293731402263
            ],
            [
              120.94778330782928,
              14.456537369849652
            ],
            [
              120.94885003245275,
              14.456579862278462
            ],
            [
              120.95084392205952,
              14.457212599005508
            ],
            [
              120.95121431907666,
              14.458014980130582
            ],
            [
              120.95120952108346,
              14.458279852641528
            ],
            [
              120.95164040272108,
              14.458371347378174
            ],
            [
              120.95179310827601,
              14.458354886562898
            ],
            [
              120.9519287947697,
              14.458243924278777
            ],
            [
              120.95197024447285,
              14.458326377800706
            ],
            [
              120.95197288640726,
              14.4584047288928
            ],
            [
              120.9523536316722,
              14.45835574523613
            ],
            [
              120.95273437693714,
              14.458306761579458
            ],
            [
              120.95272913678235,
              14.45824257157592
            ],
            [
              120.95286833966469,
              14.458210619746733
            ],
            [
              120.95296048740124,
              14.458234592951483
            ],
            [
              120.95298421111232,
              14.45832456584164
            ],
            [
              120.95300103063664,
              14.458428623015912
            ],
            [
              120.95318385885884,
              14.458426961250904
            ],
            [
              120.9532131472277,
              14.459024372372383
            ],
            [
              120.9530992511797,
              14.459028723356237
            ],
            [
              120.95313118578943,
              14.459206639611688
            ],
            [
              120.95289021266387,
              14.459272457713144
            ],
            [
              120.95288554513587,
              14.459354256101543
            ],
            [
              120.95244693166481,
              14.459380077458807
            ],
            [
              120.9524174548344,
              14.459478610935179
            ],
            [
              120.95212574764226,
              14.459484756204535
            ],
            [
              120.95207216993421,
              14.459827087617827
            ],
            [
              120.95202526918669,
              14.460243537011834
            ],
            [
              120.95211715695766,
              14.460305034428679
            ],
            [
              120.952095086996,
              14.46050298332437
            ],
            [
              120.95207172711012,
              14.460614349293383
            ],
            [
              120.95213942231985,
              14.460630526178917
            ],
            [
              120.95214185634839,
              14.460686169122521
            ],
            [
              120.95206968547483,
              14.460677389470668
            ],
            [
              120.95204158185612,
              14.460867421380003
            ],
            [
              120.95194804036356,
              14.460872547709668
            ],
            [
              120.95192823665123,
              14.461238191678198
            ],
            [
              120.95192482781529,
              14.461352117833608
            ],
            [
              120.9519380175491,
              14.461784224863763
            ],
            [
              120.95111989514162,
              14.46207924554645
            ],
            [
              120.95045324406617,
              14.462789359111339
            ],
            [
              120.94999080974745,
              14.464167299431155
            ],
            [
              120.94689303457645,
              14.462987114005564
            ],
            [
              120.94693603676234,
              14.462832660355096
            ],
            [
              120.94695370767755,
              14.462545411044015
            ],
            [
              120.94762231770106,
              14.46260112220459
            ],
            [
              120.94782153798025,
              14.462012287767195
            ],
            [
              120.94784211857124,
              14.461893460934306
            ],
            [
              120.94805458673743,
              14.460776100536965
            ],
            [
              120.94810565035678,
              14.460769586604354
            ],
            [
              120.9481040302568,
              14.460686386627902
            ],
            [
              120.948018447954,
              14.460382279270235
            ],
            [
              120.94790797771537,
              14.460400592341927
            ],
            [
              120.94774774676199,
              14.4603870057345
            ],
            [
              120.9474805896925,
              14.460341775157888
            ],
            [
              120.94732867271112,
              14.460294496889421
            ],
            [
              120.94738864732965,
              14.459785987907605
            ],
            [
              120.94735848607147,
              14.459636466464293
            ],
            [
              120.94734905612589,
              14.459432688582433
            ],
            [
              120.9474511091552,
              14.457285395023455
            ]
          ]
        ],
        "type": "Polygon"
      }
    },
    {
      "type": "Feature",
      "properties": {
        "name_kml": "Zapote 1",
        "name_db": "ZAPOTE I",
        "centroid_lat": 14.464467,
        "centroid_lng": 120.963734
      },
      "geometry": {
        "coordinates": [
          [
            [
              120.9645563247094,
              14.46297539117393
            ],
            [
              120.965769534992,
              14.46375281770868
            ],
            [
              120.965582927687,
              14.46410126737364
            ],
            [
              120.9656306370867,
              14.46418162172082
            ],
            [
              120.9655264068501,
              14.46426570049156
            ],
            [
              120.9655011969492,
              14.46426851154839
            ],
            [
              120.9654941624082,
              14.46426283510167
            ],
            [
              120.9653750685295,
              14.46438332243083
            ],
            [
              120.9653522768949,
              14.46449088362023
            ],
            [
              120.9653670205527,
              14.46450100651275
            ],
            [
              120.9654040189723,
              14.46481448034636
            ],
            [
              120.9649948122988,
              14.4650622368723
            ],
            [
              120.9653786090928,
              14.4655831264522
            ],
            [
              120.9653722994137,
              14.46559500361985
            ],
            [
              120.9654624514789,
              14.46576073113225
            ],
            [
              120.9653273931512,
              14.46581782822894
            ],
            [
              120.9652640073684,
              14.46587134919691
            ],
            [
              120.9647517182316,
              14.46607032241861
            ],
            [
              120.9643120455923,
              14.46629799677051
            ],
            [
              120.9641113762767,
              14.46635730680083
            ],
            [
              120.9638561120904,
              14.46637506711241
            ],
            [
              120.9637158984778,
              14.46680997335999
            ],
            [
              120.9634621750279,
              14.46671289782642
            ],
            [
              120.9633044681465,
              14.46667682456496
            ],
            [
              120.9632305891466,
              14.46664533017418
            ],
            [
              120.9627370452709,
              14.46648737601148
            ],
            [
              120.962703876248,
              14.46646715589769
            ],
            [
              120.9627710947702,
              14.46637767828022
            ],
            [
              120.9628653314679,
              14.46609966542
            ],
            [
              120.9629030712402,
              14.46604963401442
            ],
            [
              120.9630985910652,
              14.46595498606295
            ],
            [
              120.9632026408394,
              14.46601810842764
            ],
            [
              120.9632263986009,
              14.46512657882406
            ],
            [
              120.9631968496327,
              14.46503283875919
            ],
            [
              120.9630081327178,
              14.46481082777923
            ],
            [
              120.9628826125243,
              14.46446432072782
            ],
            [
              120.9628378785658,
              14.46426669575247
            ],
            [
              120.96273923883,
              14.4640098464863
            ],
            [
              120.9627226845223,
              14.4637506688523
            ],
            [
              120.9627402637018,
              14.46365158587156
            ],
            [
              120.9627319752594,
              14.46359834177311
            ],
            [
              120.9626669498635,
              14.46336029862396
            ],
            [
              120.9626517899219,
              14.46326070970109
            ],
            [
              120.9626383816299,
              14.46317386051245
            ],
            [
              120.9626369656969,
              14.46307202653348
            ],
            [
              120.9627289681931,
              14.46253614290129
            ],
            [
              120.9627211760122,
              14.46242169349474
            ],
            [
              120.9626983694071,
              14.46233582525251
            ],
            [
              120.9626244285782,
              14.46221156674538
            ],
            [
              120.9625553567019,
              14.46213367887815
            ],
            [
              120.9625115429141,
              14.4620531151465
            ],
            [
              120.962477188849,
              14.4619860282784
            ],
            [
              120.9623858660398,
              14.4617218245822
            ],
            [
              120.9623760549515,
              14.46160180350132
            ],
            [
              120.9623937817983,
              14.46150637388152
            ],
            [
              120.9645563247094,
              14.46297539117393
            ]
          ]
        ],
        "type": "Polygon"
      }
    },
    {
      "type": "Feature",
      "properties": {
        "name_kml": "Zapote 2",
        "name_db": "ZAPOTE II",
        "centroid_lat": 14.464393,
        "centroid_lng": 120.965463
      },
      "geometry": {
        "coordinates": [
          [
            [
              120.9666747871041,
              14.46344423219957
            ],
            [
              120.9666265213516,
              14.46351037059869
            ],
            [
              120.9663611420003,
              14.4638740181512
            ],
            [
              120.9662609025766,
              14.46407558123354
            ],
            [
              120.9661516367266,
              14.46430075415277
            ],
            [
              120.9660773826308,
              14.46451769070122
            ],
            [
              120.9660087932357,
              14.46473110473934
            ],
            [
              120.9659606391251,
              14.46492906315524
            ],
            [
              120.9660155830651,
              14.46559522676939
            ],
            [
              120.9660878824695,
              14.46577991920726
            ],
            [
              120.9662431078076,
              14.46599607772454
            ],
            [
              120.9664759939474,
              14.46606095732803
            ],
            [
              120.9672523027159,
              14.46615834818817
            ],
            [
              120.9676847851239,
              14.46639616555752
            ],
            [
              120.9679088428755,
              14.4666186085338
            ],
            [
              120.9693924374146,
              14.46799582068097
            ],
            [
              120.9693971375843,
              14.46801062574087
            ],
            [
              120.9694854611984,
              14.46828883582484
            ],
            [
              120.9695028732974,
              14.46839236835347
            ],
            [
              120.9692542400716,
              14.46845992719243
            ],
            [
              120.9692291866947,
              14.4684560692324
            ],
            [
              120.9682268459123,
              14.46747425457211
            ],
            [
              120.9679591860809,
              14.46734792157888
            ],
            [
              120.9671847812859,
              14.46733757773849
            ],
            [
              120.9669214036132,
              14.46729635714356
            ],
            [
              120.965251545849,
              14.46729230332204
            ],
            [
              120.9650442411031,
              14.46726087597228
            ],
            [
              120.9646176293061,
              14.4670837754388
            ],
            [
              120.9637158984778,
              14.46680997336003
            ],
            [
              120.9638561120904,
              14.46637506711241
            ],
            [
              120.9641113762767,
              14.46635730680083
            ],
            [
              120.9643120455923,
              14.46629799677051
            ],
            [
              120.9647517182316,
              14.46607032241861
            ],
            [
              120.9652640073684,
              14.46587134919691
            ],
            [
              120.9653273931512,
              14.46581782822894
            ],
            [
              120.9654624514789,
              14.46576073113225
            ],
            [
              120.9653722994137,
              14.46559500361985
            ],
            [
              120.9653786090928,
              14.4655831264522
            ],
            [
              120.9649948122988,
              14.4650622368723
            ],
            [
              120.9654040189723,
              14.46481448034636
            ],
            [
              120.9653670205526,
              14.46450100651275
            ],
            [
              120.9653522768949,
              14.46449088362018
            ],
            [
              120.9653750685295,
              14.46438332243087
            ],
            [
              120.9654941624082,
              14.46426283510164
            ],
            [
              120.9655011969492,
              14.46426851154839
            ],
            [
              120.9655264068501,
              14.4642657004916
            ],
            [
              120.9656306370867,
              14.46418162172082
            ],
            [
              120.965582927687,
              14.46410126737368
            ],
            [
              120.965769534992,
              14.46375281770872
            ],
            [
              120.9653435350688,
              14.46347983771659
            ],
            [
              120.9645563247094,
              14.46297539117393
            ],
            [
              120.9623932221496,
              14.46150938705103
            ],
            [
              120.9624111752493,
              14.46141290733953
            ],
            [
              120.9624258889787,
              14.46133352575011
            ],
            [
              120.9624290896658,
              14.46131629462291
            ],
            [
              120.9624492300846,
              14.46129526693012
            ],
            [
              120.9624901193081,
              14.46130523583786
            ],
            [
              120.9624930438294,
              14.46128673656894
            ],
            [
              120.9630171645513,
              14.4614711040057
            ],
            [
              120.9630414664999,
              14.46129984510172
            ],
            [
              120.9631995217349,
              14.46134213884547
            ],
            [
              120.9633311442647,
              14.46119220352687
            ],
            [
              120.9635243541122,
              14.46132971512166
            ],
            [
              120.9637391198841,
              14.46135568136541
            ],
            [
              120.9638080689893,
              14.46123156422581
            ],
            [
              120.9637964085003,
              14.46119555613502
            ],
            [
              120.9638103826038,
              14.46116625477676
            ],
            [
              120.9641327183616,
              14.46118860118416
            ],
            [
              120.964145872768,
              14.46114870532523
            ],
            [
              120.9645275978461,
              14.461285580326
            ],
            [
              120.9645724707677,
              14.46174041871096
            ],
            [
              120.9662546693703,
              14.46220325360293
            ],
            [
              120.9673173144323,
              14.46271350439634
            ],
            [
              120.9670503715873,
              14.46291494034351
            ],
            [
              120.9666747871041,
              14.46344423219957
            ]
          ]
        ],
        "type": "Polygon"
      }
    },
    {
      "type": "Feature",
      "properties": {
        "name_kml": "Talaba 1",
        "name_db": "TALABA I",
        "centroid_lat": 14.4613,
        "centroid_lng": 120.957723
      },
      "geometry": {
        "coordinates": [
          [
            [
              120.9582772327237,
              14.4617759675615
            ],
            [
              120.9583281752009,
              14.46187417141115
            ],
            [
              120.9582935341692,
              14.4619837929683
            ],
            [
              120.9582961154538,
              14.46200142201181
            ],
            [
              120.9582737020851,
              14.46206521772756
            ],
            [
              120.9582581919221,
              14.46208032585491
            ],
            [
              120.9582108040885,
              14.4621054998251
            ],
            [
              120.9581287192054,
              14.46230544325171
            ],
            [
              120.9580893758224,
              14.46235712398908
            ],
            [
              120.9580683384816,
              14.46241703566166
            ],
            [
              120.9579943250104,
              14.46237773503543
            ],
            [
              120.9579713512874,
              14.46236880081371
            ],
            [
              120.9578434240326,
              14.46266693422782
            ],
            [
              120.9580825917795,
              14.46276608524558
            ],
            [
              120.9579222075094,
              14.46309849050546
            ],
            [
              120.9573623562199,
              14.46286925318401
            ],
            [
              120.9570569248946,
              14.46326071731496
            ],
            [
              120.9568718046699,
              14.46318337063994
            ],
            [
              120.9569271509893,
              14.46310958368399
            ],
            [
              120.9571474853752,
              14.46286052251706
            ],
            [
              120.9573223057155,
              14.46269779001467
            ],
            [
              120.957148221197,
              14.46260552269488
            ],
            [
              120.9570976690078,
              14.46265391232699
            ],
            [
              120.9570143081079,
              14.46263691250751
            ],
            [
              120.9570562091153,
              14.46249079086421
            ],
            [
              120.9566682908717,
              14.46231303568024
            ],
            [
              120.9567665577906,
              14.46200464196663
            ],
            [
              120.9567382023478,
              14.46197416864265
            ],
            [
              120.9567506424747,
              14.46191847269583
            ],
            [
              120.9566743973147,
              14.46190618489957
            ],
            [
              120.9566426567046,
              14.46198496491029
            ],
            [
              120.9564637929887,
              14.46197411120064
            ],
            [
              120.9564130069477,
              14.46204807546319
            ],
            [
              120.9561744500165,
              14.46197624891176
            ],
            [
              120.9561218095377,
              14.46199206789752
            ],
            [
              120.9560567925511,
              14.46205660782065
            ],
            [
              120.9560751493664,
              14.46188107085269
            ],
            [
              120.9563012610573,
              14.46037365550966
            ],
            [
              120.9563820421851,
              14.45982638048208
            ],
            [
              120.9564167266911,
              14.45976122908125
            ],
            [
              120.9572810927337,
              14.45986704387294
            ],
            [
              120.9575543309234,
              14.45851151100375
            ],
            [
              120.9575619284048,
              14.45840036189287
            ],
            [
              120.9576841185637,
              14.45823297968626
            ],
            [
              120.9574013949514,
              14.45803482944484
            ],
            [
              120.9587432828955,
              14.45763885382195
            ],
            [
              120.9588181659061,
              14.45778710698873
            ],
            [
              120.9589297529893,
              14.45800802636065
            ],
            [
              120.9590407979051,
              14.45822787186441
            ],
            [
              120.9591162236976,
              14.45837719874175
            ],
            [
              120.9595899801894,
              14.45928001594631
            ],
            [
              120.9597799801896,
              14.45954001594644
            ],
            [
              120.9598349801761,
              14.45959501595303
            ],
            [
              120.9597251846217,
              14.46060276730004
            ],
            [
              120.9597242156263,
              14.460602721599
            ],
            [
              120.9596117901384,
              14.4621482607228
            ],
            [
              120.9595962834587,
              14.46214550356574
            ],
            [
              120.9582772327237,
              14.4617759675615
            ]
          ]
        ],
        "type": "Polygon"
      }
    },
    {
      "type": "Feature",
      "properties": {
        "name_kml": "Talaba 3",
        "name_db": "TALABA III",
        "centroid_lat": 14.462184,
        "centroid_lng": 120.961783
      },
      "geometry": {
        "coordinates": [
          [
            [
              120.9613582316536,
              14.45867765008572
            ],
            [
              120.9615641130334,
              14.45905188747536
            ],
            [
              120.9614508646544,
              14.45921774924152
            ],
            [
              120.9617066186155,
              14.45940029036921
            ],
            [
              120.9616894665275,
              14.45953818975088
            ],
            [
              120.9614094912033,
              14.45990095871407
            ],
            [
              120.9615094321787,
              14.46084445149518
            ],
            [
              120.9624111817832,
              14.46141270036118
            ],
            [
              120.9623760549515,
              14.46160180350132
            ],
            [
              120.9623858660398,
              14.4617218245822
            ],
            [
              120.962477188849,
              14.4619860282784
            ],
            [
              120.9625115429141,
              14.4620531151465
            ],
            [
              120.9625553567019,
              14.46213367887815
            ],
            [
              120.9626244285782,
              14.46221156674538
            ],
            [
              120.9626983694071,
              14.46233582525251
            ],
            [
              120.9627211760122,
              14.46242169349474
            ],
            [
              120.9627289681931,
              14.46253614290129
            ],
            [
              120.9626369656969,
              14.46307202653348
            ],
            [
              120.9626383816299,
              14.46317386051245
            ],
            [
              120.9626517899219,
              14.46326070970109
            ],
            [
              120.9626669498635,
              14.46336029862396
            ],
            [
              120.9627319752594,
              14.46359834177311
            ],
            [
              120.9627402637018,
              14.46365158587156
            ],
            [
              120.9627226845223,
              14.4637506688523
            ],
            [
              120.96273923883,
              14.4640098464863
            ],
            [
              120.9628378785658,
              14.46426669575247
            ],
            [
              120.9628826125243,
              14.46446432072782
            ],
            [
              120.9630081327178,
              14.46481082777923
            ],
            [
              120.9631968496327,
              14.46503283875919
            ],
            [
              120.9632263986009,
              14.46512657882406
            ],
            [
              120.9632026408394,
              14.46601810842764
            ],
            [
              120.9630971270434,
              14.46595409790548
            ],
            [
              120.9629030712402,
              14.46604963401442
            ],
            [
              120.9628653314679,
              14.46609966542
            ],
            [
              120.9627710947702,
              14.46637767828022
            ],
            [
              120.962703876248,
              14.46646715589769
            ],
            [
              120.9627370452709,
              14.46648737601143
            ],
            [
              120.9626624965164,
              14.46652680797205
            ],
            [
              120.9623148121757,
              14.46632137260945
            ],
            [
              120.960291063968,
              14.46370864979091
            ],
            [
              120.9597147726584,
              14.4629451644277
            ],
            [
              120.9595962834587,
              14.46214550356574
            ],
            [
              120.9596117918098,
              14.46214823794226
            ],
            [
              120.9597251846217,
              14.46060276730004
            ],
            [
              120.9598349801761,
              14.45959501595307
            ],
            [
              120.9597799801896,
              14.45954001594644
            ],
            [
              120.9595899801894,
              14.45928001594631
            ],
            [
              120.9591162236976,
              14.45837719874175
            ],
            [
              120.9599082842241,
              14.45806865527158
            ],
            [
              120.9599482330696,
              14.45763506163391
            ],
            [
              120.960204879269,
              14.4576346749531
            ],
            [
              120.9603983108196,
              14.45809215070934
            ],
            [
              120.9604262257982,
              14.45832219011018
            ],
            [
              120.9604599234559,
              14.45840889235037
            ],
            [
              120.9613582316536,
              14.45867765008572
            ]
          ]
        ],
        "type": "Polygon"
      }
    },
    {
      "type": "Feature",
      "properties": {
        "name_kml": "Aniban 1",
        "name_db": "ANIBAN I",
        "centroid_lat": 14.453893,
        "centroid_lng": 120.965088
      },
      "geometry": {
        "coordinates": [
          [
            [
              120.9682204618127,
              14.45608267955023
            ],
            [
              120.9675336987311,
              14.45675825033374
            ],
            [
              120.9650693991727,
              14.45928345757137
            ],
            [
              120.9637214970224,
              14.46075824645743
            ],
            [
              120.9633311442647,
              14.46119220352687
            ],
            [
              120.9631995217349,
              14.46134213884547
            ],
            [
              120.9630414664999,
              14.46129984510172
            ],
            [
              120.9630171645513,
              14.4614711040057
            ],
            [
              120.9624930438294,
              14.46128673656894
            ],
            [
              120.9624901193081,
              14.46130523583786
            ],
            [
              120.9624492300846,
              14.46129526693012
            ],
            [
              120.9624290896658,
              14.46131629462291
            ],
            [
              120.9624117444809,
              14.46140966898427
            ],
            [
              120.9615094321787,
              14.46084445149518
            ],
            [
              120.9614094912033,
              14.45990095871407
            ],
            [
              120.9616894665275,
              14.45953818975088
            ],
            [
              120.9617066186155,
              14.45940029036921
            ],
            [
              120.9614508646544,
              14.45921774924152
            ],
            [
              120.9615641130334,
              14.45905188747536
            ],
            [
              120.9613582316536,
              14.45867765008572
            ],
            [
              120.9613291359583,
              14.45860160743038
            ],
            [
              120.9614607596108,
              14.45786377652761
            ],
            [
              120.9616779574504,
              14.45588751572277
            ],
            [
              120.9617762719228,
              14.45590651424952
            ],
            [
              120.9620828662794,
              14.45580590263564
            ],
            [
              120.9626898067159,
              14.45550954591975
            ],
            [
              120.9633174765951,
              14.45546389808708
            ],
            [
              120.9636885839623,
              14.45420836484854
            ],
            [
              120.9636885839623,
              14.45420836484854
            ],
            [
              120.9636096107576,
              14.45415587157569
            ],
            [
              120.9637505314396,
              14.45375334583595
            ],
            [
              120.9640581424036,
              14.45184006770715
            ],
            [
              120.9634596154281,
              14.45163934468126
            ],
            [
              120.9634202845986,
              14.45160862039827
            ],
            [
              120.9639454030179,
              14.45008702441569
            ],
            [
              120.9641320193215,
              14.45019897685633
            ],
            [
              120.9643487288001,
              14.45030605561803
            ],
            [
              120.9644041623277,
              14.45025156752092
            ],
            [
              120.9642519746329,
              14.4501753227993
            ],
            [
              120.9642308596592,
              14.45010829008356
            ],
            [
              120.9641394430775,
              14.44939889238062
            ],
            [
              120.9641197260493,
              14.44937039701144
            ],
            [
              120.9637448529112,
              14.44922608397172
            ],
            [
              120.9636991413104,
              14.44914188366623
            ],
            [
              120.9637309379709,
              14.4490548883494
            ],
            [
              120.9643222113146,
              14.44928703057628
            ],
            [
              120.965435576371,
              14.44902779084332
            ],
            [
              120.9654915056532,
              14.44910194211512
            ],
            [
              120.965502740337,
              14.44911328532825
            ],
            [
              120.9655673130989,
              14.44917848184336
            ],
            [
              120.9656783327342,
              14.44920225053685
            ],
            [
              120.965752646911,
              14.44923868828563
            ],
            [
              120.9658299584708,
              14.44929727427357
            ],
            [
              120.9657621653696,
              14.44981975183758
            ],
            [
              120.9657506221666,
              14.44986246540135
            ],
            [
              120.9656023384306,
              14.45014342054366
            ],
            [
              120.9656104455153,
              14.45023578103895
            ],
            [
              120.9656483448471,
              14.45029911893728
            ],
            [
              120.9658817754383,
              14.45041585358751
            ],
            [
              120.966024708202,
              14.45050765168187
            ],
            [
              120.9661275858165,
              14.45063961133867
            ],
            [
              120.9660842131181,
              14.45089293175668
            ],
            [
              120.9660381511594,
              14.45104069833897
            ],
            [
              120.9660747877465,
              14.45154932824688
            ],
            [
              120.9660842343449,
              14.45160413323842
            ],
            [
              120.9661229556756,
              14.45174345178172
            ],
            [
              120.9661430939987,
              14.45181590897829
            ],
            [
              120.96615729158,
              14.45192278438082
            ],
            [
              120.9662608241523,
              14.45217613002284
            ],
            [
              120.9663562555251,
              14.45230874718617
            ],
            [
              120.9664049848175,
              14.45238396238236
            ],
            [
              120.9664069993356,
              14.45247698159653
            ],
            [
              120.9663338133017,
              14.45287477240123
            ],
            [
              120.9663642551802,
              14.45299946257102
            ],
            [
              120.966723665827,
              14.4533953476919
            ],
            [
              120.9667541281246,
              14.45340722843138
            ],
            [
              120.9668049024644,
              14.4534072370301
            ],
            [
              120.9668577101885,
              14.45339537038619
            ],
            [
              120.9670039569378,
              14.45329643976434
            ],
            [
              120.9670770769878,
              14.45327072330973
            ],
            [
              120.9671319150067,
              14.45325885784928
            ],
            [
              120.9672395540571,
              14.45327272907345
            ],
            [
              120.9672801689964,
              14.45330044403853
            ],
            [
              120.9673187481497,
              14.4533538865091
            ],
            [
              120.9673492017756,
              14.45341524436581
            ],
            [
              120.9674161741782,
              14.45369629153499
            ],
            [
              120.967440537761,
              14.45374181486578
            ],
            [
              120.9675684700631,
              14.45385266700476
            ],
            [
              120.9677268787024,
              14.45389623401041
            ],
            [
              120.967897481091,
              14.4538942827419
            ],
            [
              120.9680823121545,
              14.4538250444805
            ],
            [
              120.9680902547943,
              14.45398037744315
            ],
            [
              120.9680721228992,
              14.45402097578799
            ],
            [
              120.9678730662476,
              14.45414364862001
            ],
            [
              120.967854775515,
              14.45421291512222
            ],
            [
              120.9680184503031,
              14.45512432705438
            ],
            [
              120.9680237658211,
              14.45570487074391
            ],
            [
              120.9682144150799,
              14.45607681282776
            ],
            [
              120.9682204618127,
              14.45608267955023
            ]
          ]
        ],
        "type": "Polygon"
      }
    },
    {
      "type": "Feature",
      "properties": {
        "name_kml": "Aniban 2",
        "name_db": "ANIBAN II",
        "centroid_lat": 14.459446,
        "centroid_lng": 120.966994
      },
      "geometry": {
        "coordinates": [
          [
            [
              120.9676642796439,
              14.46045225155901
            ],
            [
              120.9675823330403,
              14.46060656689879
            ],
            [
              120.9675166268935,
              14.46107975836433
            ],
            [
              120.9675623435689,
              14.46233950883766
            ],
            [
              120.967490114917,
              14.46257609798793
            ],
            [
              120.9673181640957,
              14.46271395061041
            ],
            [
              120.9662546693703,
              14.46220325360293
            ],
            [
              120.9645724707677,
              14.46174041871096
            ],
            [
              120.9645275978461,
              14.461285580326
            ],
            [
              120.964145872768,
              14.46114870532523
            ],
            [
              120.9641327183616,
              14.46118860118416
            ],
            [
              120.9638103826038,
              14.46116625477676
            ],
            [
              120.9637964085003,
              14.46119555613502
            ],
            [
              120.9638080689893,
              14.46123156422581
            ],
            [
              120.9637391198841,
              14.46135568136541
            ],
            [
              120.9635243541122,
              14.46132971512166
            ],
            [
              120.9633311442647,
              14.46119220352687
            ],
            [
              120.9637214970224,
              14.46075824645743
            ],
            [
              120.9650693991727,
              14.45928345757137
            ],
            [
              120.9675336987311,
              14.45675825033374
            ],
            [
              120.9682204618128,
              14.45608267955023
            ],
            [
              120.9684628828636,
              14.45631788337596
            ],
            [
              120.9686572491131,
              14.45640585859883
            ],
            [
              120.9686988961028,
              14.45643968977489
            ],
            [
              120.9686572008179,
              14.45668998385187
            ],
            [
              120.9686780196297,
              14.45673734127006
            ],
            [
              120.9688723680341,
              14.45693355402862
            ],
            [
              120.9688792934885,
              14.45703502760464
            ],
            [
              120.9687334430754,
              14.45740707316496
            ],
            [
              120.9687264772811,
              14.45754913421021
            ],
            [
              120.9689048351634,
              14.45760002022425
            ],
            [
              120.9688657192592,
              14.45764252070247
            ],
            [
              120.9687453402301,
              14.45781377154937
            ],
            [
              120.9685712201504,
              14.45808964059862
            ],
            [
              120.9685036725902,
              14.4582444437667
            ],
            [
              120.9683400850658,
              14.45861934703189
            ],
            [
              120.9681527083379,
              14.45904876772686
            ],
            [
              120.9681105568954,
              14.45917135077301
            ],
            [
              120.9679678068513,
              14.45958648935844
            ],
            [
              120.9678058106231,
              14.46005759674398
            ],
            [
              120.967751214537,
              14.46021636921767
            ],
            [
              120.9676808016869,
              14.46042113852926
            ],
            [
              120.9676642796439,
              14.46045225155901
            ]
          ]
        ],
        "type": "Polygon"
      }
    },
    {
      "type": "Feature",
      "properties": {
        "name_kml": "Mambog 2",
        "name_db": "MAMBOG II",
        "centroid_lat": 14.425832,
        "centroid_lng": 120.952618
      },
      "geometry": {
        "coordinates": [
          [
            [
              120.9515789576179,
              14.42741754335992
            ],
            [
              120.9518443924138,
              14.42722072097745
            ],
            [
              120.9519944187791,
              14.42718340446696
            ],
            [
              120.9522210639422,
              14.42719273755646
            ],
            [
              120.9523179377281,
              14.42718112020095
            ],
            [
              120.9523843538961,
              14.42712169513092
            ],
            [
              120.9524152723984,
              14.42703557861193
            ],
            [
              120.9524987031575,
              14.42620358720959
            ],
            [
              120.9507769416376,
              14.42606962458528
            ],
            [
              120.950810263119,
              14.42589584233985
            ],
            [
              120.950657148314,
              14.42592540058454
            ],
            [
              120.9506132984133,
              14.42566321587604
            ],
            [
              120.9507694158893,
              14.42566005873784
            ],
            [
              120.9508007526748,
              14.42553088431461
            ],
            [
              120.9509899689904,
              14.42553954539086
            ],
            [
              120.9510333206239,
              14.42533752939785
            ],
            [
              120.9511479452993,
              14.42507438605937
            ],
            [
              120.9511543831013,
              14.42504911610608
            ],
            [
              120.9511135835261,
              14.42477363574364
            ],
            [
              120.9510882563272,
              14.42475059893754
            ],
            [
              120.9503182282038,
              14.42484756339696
            ],
            [
              120.9502083637475,
              14.42409026776463
            ],
            [
              120.9501412059918,
              14.42410375063453
            ],
            [
              120.9500064622963,
              14.42321062936411
            ],
            [
              120.950280574539,
              14.42321393712322
            ],
            [
              120.9502994722801,
              14.42248677579935
            ],
            [
              120.9512707606629,
              14.42251847949973
            ],
            [
              120.951291916877,
              14.42243375272118
            ],
            [
              120.9512232922556,
              14.421220666929
            ],
            [
              120.9513031336554,
              14.42124381956201
            ],
            [
              120.9513379867259,
              14.42109455344694
            ],
            [
              120.9524514768818,
              14.42141929184455
            ],
            [
              120.9525359746707,
              14.42119379766103
            ],
            [
              120.952574403294,
              14.42120333750854
            ],
            [
              120.9526779876157,
              14.42073061377674
            ],
            [
              120.9528574735967,
              14.42026390701702
            ],
            [
              120.9530386329981,
              14.42033105687086
            ],
            [
              120.9531116030465,
              14.42016502554493
            ],
            [
              120.9541552840424,
              14.41946618643243
            ],
            [
              120.95456553704,
              14.41839496265
            ],
            [
              120.9546280743338,
              14.41835223998391
            ],
            [
              120.9546393437147,
              14.41834861443813
            ],
            [
              120.9546731241258,
              14.41826537331334
            ],
            [
              120.9550138836157,
              14.41803639450378
            ],
            [
              120.9552040522051,
              14.41802186933092
            ],
            [
              120.9552990825751,
              14.41788213312095
            ],
            [
              120.9553090264419,
              14.41786751198929
            ],
            [
              120.9553751247973,
              14.41769811070321
            ],
            [
              120.9553988469921,
              14.41764540004561
            ],
            [
              120.9566569809695,
              14.41856787223073
            ],
            [
              120.9569420539512,
              14.41887186680333
            ],
            [
              120.9569120197205,
              14.41891444825445
            ],
            [
              120.9569094347215,
              14.41895801390246
            ],
            [
              120.9566763375961,
              14.41913148011973
            ],
            [
              120.9566027023677,
              14.41919153760651
            ],
            [
              120.9564881597538,
              14.41930560897846
            ],
            [
              120.9563354656549,
              14.41945767460651
            ],
            [
              120.9560073719158,
              14.41994442929435
            ],
            [
              120.9556287347593,
              14.41987944265588
            ],
            [
              120.9554991125098,
              14.41990893322746
            ],
            [
              120.9553648482694,
              14.42048313609208
            ],
            [
              120.9553186109403,
              14.42095587803499
            ],
            [
              120.9550793000311,
              14.42125322304524
            ],
            [
              120.95492283802,
              14.42123982093198
            ],
            [
              120.9548731329625,
              14.42123927585444
            ],
            [
              120.9547437598123,
              14.42185495857445
            ],
            [
              120.9547250146201,
              14.42187035504515
            ],
            [
              120.9546559512621,
              14.42194097161813
            ],
            [
              120.954688366206,
              14.42197751845977
            ],
            [
              120.9547006124735,
              14.42212370074089
            ],
            [
              120.9547166873176,
              14.42231558401092
            ],
            [
              120.9549725619579,
              14.42235663495692
            ],
            [
              120.9549047688996,
              14.42269693539115
            ],
            [
              120.95502168581,
              14.42273536082019
            ],
            [
              120.9548776620156,
              14.42329529214426
            ],
            [
              120.9549936045145,
              14.42327752269023
            ],
            [
              120.9550437875202,
              14.42351607432851
            ],
            [
              120.9550335316949,
              14.42360350902979
            ],
            [
              120.9550245109719,
              14.42416255522073
            ],
            [
              120.9551517369375,
              14.42417983922221
            ],
            [
              120.9551621859101,
              14.42459558250952
            ],
            [
              120.9551861358367,
              14.42521408617525
            ],
            [
              120.9552929360228,
              14.42590012859975
            ],
            [
              120.9553061074657,
              14.42612488303014
            ],
            [
              120.9553567345159,
              14.42612141244252
            ],
            [
              120.9553708757401,
              14.42621408569947
            ],
            [
              120.9553707991469,
              14.42654862260005
            ],
            [
              120.9553159474462,
              14.42655298436428
            ],
            [
              120.9560608949492,
              14.42871926145615
            ],
            [
              120.9562413903733,
              14.42871778979348
            ],
            [
              120.956250896753,
              14.42907065500473
            ],
            [
              120.9561441160555,
              14.42908047500886
            ],
            [
              120.9559462359455,
              14.42937234773685
            ],
            [
              120.9558309211781,
              14.42964684092527
            ],
            [
              120.9557091604211,
              14.42964461740458
            ],
            [
              120.9556137372029,
              14.4297048650413
            ],
            [
              120.9555923258603,
              14.42979001871693
            ],
            [
              120.955562522871,
              14.42983586242528
            ],
            [
              120.9555467311386,
              14.42990714151075
            ],
            [
              120.9555614704508,
              14.42995284663907
            ],
            [
              120.9555609742429,
              14.4300139788783
            ],
            [
              120.9557611756635,
              14.4306206293757
            ],
            [
              120.956366977842,
              14.43228699355003
            ],
            [
              120.9554527494833,
              14.43232492566328
            ],
            [
              120.9542470907701,
              14.43231813187139
            ],
            [
              120.9535259251287,
              14.43252935043395
            ],
            [
              120.9534802355652,
              14.43253514551712
            ],
            [
              120.952378367435,
              14.43230690993173
            ],
            [
              120.9518863337732,
              14.43214437305233
            ],
            [
              120.9517305079844,
              14.43274588815866
            ],
            [
              120.9509759104088,
              14.43271348341165
            ],
            [
              120.9499583941796,
              14.43258182478234
            ],
            [
              120.9495607590187,
              14.43259009760944
            ],
            [
              120.9494470790192,
              14.4326093001185
            ],
            [
              120.949342575094,
              14.43247795927318
            ],
            [
              120.9490942682832,
              14.43267541115279
            ],
            [
              120.9487996948174,
              14.43280779853596
            ],
            [
              120.948669462194,
              14.43267850130896
            ],
            [
              120.948580305603,
              14.43244088725421
            ],
            [
              120.9485553119984,
              14.43200780677977
            ],
            [
              120.9485547085138,
              14.43199734978809
            ],
            [
              120.9486098714824,
              14.43171731482248
            ],
            [
              120.9486202086416,
              14.43151685129098
            ],
            [
              120.9487916658779,
              14.43134983881773
            ],
            [
              120.9486169418595,
              14.43089206529588
            ],
            [
              120.9483701783505,
              14.43061469268444
            ],
            [
              120.948349637673,
              14.43050443139027
            ],
            [
              120.9483633671116,
              14.4304409542616
            ],
            [
              120.9485382558696,
              14.430260578578
            ],
            [
              120.9486136924694,
              14.43020379784365
            ],
            [
              120.9487982934711,
              14.43018771138377
            ],
            [
              120.948994297507,
              14.43017784456209
            ],
            [
              120.9491187361743,
              14.42994402222723
            ],
            [
              120.9491503140498,
              14.42982137405757
            ],
            [
              120.9492417758652,
              14.42966102381908
            ],
            [
              120.9492738116631,
              14.4295095682721
            ],
            [
              120.9493195602627,
              14.42935811605345
            ],
            [
              120.9494490493661,
              14.42923904536007
            ],
            [
              120.9496417969432,
              14.42894058061263
            ],
            [
              120.9497752508878,
              14.42868061868841
            ],
            [
              120.9498691606731,
              14.42850731218438
            ],
            [
              120.9500272832508,
              14.42837253835444
            ],
            [
              120.9501310734029,
              14.42819923411308
            ],
            [
              120.9501854672598,
              14.42799702935655
            ],
            [
              120.9501558628622,
              14.42784776698688
            ],
            [
              120.9500521456074,
              14.42773700321836
            ],
            [
              120.9500324146941,
              14.42761663094006
            ],
            [
              120.9500966636227,
              14.42751553791135
            ],
            [
              120.9503387978451,
              14.4272700459954
            ],
            [
              120.9503286423028,
              14.42725861894381
            ],
            [
              120.950413817327,
              14.42728044092531
            ],
            [
              120.9504929715247,
              14.42730071853678
            ],
            [
              120.9505707395357,
              14.42725320482034
            ],
            [
              120.9506773530672,
              14.42724548602034
            ],
            [
              120.9506332712323,
              14.42697139586237
            ],
            [
              120.9515789576179,
              14.42741754335992
            ]
          ]
        ],
        "type": "Polygon"
      }
    },
    {
      "type": "Feature",
      "properties": {
        "name_kml": "Niog",
        "name_db": "NIOG",
        "centroid_lat": 14.446933,
        "centroid_lng": 120.961922
      },
      "geometry": {
        "coordinates": [
          [
            [
              120.9559051770076,
              14.45740182555765
            ],
            [
              120.955473611716,
              14.45704156139179
            ],
            [
              120.9557944475733,
              14.45651972937148
            ],
            [
              120.9557699640727,
              14.45642335200196
            ],
            [
              120.9557759753254,
              14.45633000637796
            ],
            [
              120.9558829736367,
              14.45592980853398
            ],
            [
              120.9560156343111,
              14.455939726032
            ],
            [
              120.9560489596526,
              14.45593529895158
            ],
            [
              120.9561747440659,
              14.45591860127334
            ],
            [
              120.9562866207438,
              14.455944481423
            ],
            [
              120.9562194754772,
              14.45549986183538
            ],
            [
              120.9561991428828,
              14.45544545458435
            ],
            [
              120.9561196929775,
              14.4553616866982
            ],
            [
              120.9560730890887,
              14.45536669752995
            ],
            [
              120.9559949844018,
              14.45528192753029
            ],
            [
              120.9560188999102,
              14.4551339801637
            ],
            [
              120.9558992925665,
              14.45510471423765
            ],
            [
              120.9558975087738,
              14.45500326217351
            ],
            [
              120.9561979343381,
              14.45480828409091
            ],
            [
              120.9558896383033,
              14.45446170128233
            ],
            [
              120.9558233027858,
              14.45425298636115
            ],
            [
              120.9558509974097,
              14.4542380663
            ],
            [
              120.9560361898376,
              14.45425774304383
            ],
            [
              120.9570151266454,
              14.45426213533553
            ],
            [
              120.9570946068261,
              14.45421514476125
            ],
            [
              120.9570634280404,
              14.45414995297085
            ],
            [
              120.9571133196289,
              14.45397274407593
            ],
            [
              120.9572074498932,
              14.45351057825328
            ],
            [
              120.9573745591001,
              14.45333149086987
            ],
            [
              120.9576975205489,
              14.45226910689196
            ],
            [
              120.9579267997016,
              14.45192250626077
            ],
            [
              120.9572957094638,
              14.45130769903304
            ],
            [
              120.9575881889989,
              14.45078989993788
            ],
            [
              120.9578045179581,
              14.45058816270496
            ],
            [
              120.957932795592,
              14.45032539795188
            ],
            [
              120.9581993301865,
              14.44992077982244
            ],
            [
              120.9583459673553,
              14.4495466517305
            ],
            [
              120.9590486483281,
              14.44856732217229
            ],
            [
              120.9592136331878,
              14.44843289018958
            ],
            [
              120.9590519205365,
              14.44827867335376
            ],
            [
              120.9595288964749,
              14.44732001421621
            ],
            [
              120.9598748213416,
              14.44672650894832
            ],
            [
              120.9599347293183,
              14.44677191750007
            ],
            [
              120.9601746421991,
              14.44655533780306
            ],
            [
              120.9605564042637,
              14.44618801732674
            ],
            [
              120.9606317853036,
              14.44613981132563
            ],
            [
              120.9607216885786,
              14.44613743864862
            ],
            [
              120.9611537475447,
              14.44527648453262
            ],
            [
              120.9610689715842,
              14.4451280123039
            ],
            [
              120.9612278817743,
              14.44450866019043
            ],
            [
              120.9599214648704,
              14.44397850984281
            ],
            [
              120.9604310985251,
              14.44280265789584
            ],
            [
              120.9610269090938,
              14.44305522986953
            ],
            [
              120.9614487044413,
              14.44189490675175
            ],
            [
              120.9604383465348,
              14.44167215037084
            ],
            [
              120.9602445275493,
              14.44169250386373
            ],
            [
              120.9600383628026,
              14.44157998539144
            ],
            [
              120.960030773044,
              14.44157677163354
            ],
            [
              120.9596357202152,
              14.44141779581371
            ],
            [
              120.9596430704052,
              14.44132958677204
            ],
            [
              120.9591562663734,
              14.44130650713919
            ],
            [
              120.9593461615744,
              14.44073940946977
            ],
            [
              120.9592683755556,
              14.44071402478717
            ],
            [
              120.9595351407222,
              14.43994613657559
            ],
            [
              120.9602931578319,
              14.44017562910669
            ],
            [
              120.9604435862988,
              14.43947319551476
            ],
            [
              120.9622666880278,
              14.43986250565225
            ],
            [
              120.9623407340128,
              14.43966112898675
            ],
            [
              120.9639032555242,
              14.44010873974061
            ],
            [
              120.9646491116568,
              14.43796421087576
            ],
            [
              120.9646942267154,
              14.43797538407984
            ],
            [
              120.9646491116568,
              14.43796421087572
            ],
            [
              120.9635223126003,
              14.43774120574743
            ],
            [
              120.9632651924135,
              14.43763471207539
            ],
            [
              120.9632769984936,
              14.43638323038615
            ],
            [
              120.9637340789353,
              14.43644391913134
            ],
            [
              120.9639099724888,
              14.43547780069233
            ],
            [
              120.963724922496,
              14.43542624891229
            ],
            [
              120.9639420485011,
              14.43437299217802
            ],
            [
              120.964319765627,
              14.43438911800006
            ],
            [
              120.9642228681579,
              14.43345555628381
            ],
            [
              120.9642795922357,
              14.43295634771748
            ],
            [
              120.9643679523287,
              14.43297878363856
            ],
            [
              120.9644582617817,
              14.43299064846496
            ],
            [
              120.9644922152003,
              14.43300205406379
            ],
            [
              120.9667516417809,
              14.43326635420572
            ],
            [
              120.9669128104604,
              14.43356055868914
            ],
            [
              120.9681990419504,
              14.4359538359312
            ],
            [
              120.9682677229965,
              14.43611455073119
            ],
            [
              120.9683305053233,
              14.43633074555443
            ],
            [
              120.9683361739456,
              14.4363967443545
            ],
            [
              120.9682670673077,
              14.4363886265402
            ],
            [
              120.9679463980748,
              14.43631124309199
            ],
            [
              120.9679130743493,
              14.43631384158769
            ],
            [
              120.9678455980788,
              14.43635996534102
            ],
            [
              120.9678208408734,
              14.4363831656226
            ],
            [
              120.9677840499036,
              14.43642232672284
            ],
            [
              120.9676177525138,
              14.4366354497665
            ],
            [
              120.9675989273499,
              14.43667658325039
            ],
            [
              120.9675756502266,
              14.4368409441295
            ],
            [
              120.967641530875,
              14.4370377216451
            ],
            [
              120.9676362371852,
              14.43716950467735
            ],
            [
              120.9675909084475,
              14.43737358036993
            ],
            [
              120.9675098734652,
              14.43755151640928
            ],
            [
              120.9669949350206,
              14.43812514363963
            ],
            [
              120.9669563138655,
              14.43819296150036
            ],
            [
              120.9668666240252,
              14.43839665175059
            ],
            [
              120.9667982236401,
              14.43849216914246
            ],
            [
              120.9672330544108,
              14.43856067132227
            ],
            [
              120.9673050642879,
              14.43855489966844
            ],
            [
              120.967334807316,
              14.43856301165999
            ],
            [
              120.9674600084245,
              14.43859715844959
            ],
            [
              120.9675257409992,
              14.43863002496274
            ],
            [
              120.9675257403163,
              14.43868166963468
            ],
            [
              120.9676803748501,
              14.43878760755752
            ],
            [
              120.9672651886334,
              14.43988754409984
            ],
            [
              120.9661934704788,
              14.44246652148649
            ],
            [
              120.9661456944967,
              14.44272192921338
            ],
            [
              120.9661262236465,
              14.4429695533857
            ],
            [
              120.9662390839155,
              14.44400571600085
            ],
            [
              120.966218163269,
              14.44426431616657
            ],
            [
              120.9658628482882,
              14.44505508987829
            ],
            [
              120.9656318260011,
              14.44550687574089
            ],
            [
              120.9653760833542,
              14.44598918786884
            ],
            [
              120.9651026922251,
              14.44625384760873
            ],
            [
              120.9646854477483,
              14.44652868355493
            ],
            [
              120.9645204311394,
              14.44662210504559
            ],
            [
              120.9642167814751,
              14.44674722112165
            ],
            [
              120.9646904400469,
              14.44752447983552
            ],
            [
              120.9647194142278,
              14.44757177742945
            ],
            [
              120.9645027897013,
              14.44765848429861
            ],
            [
              120.9643879971713,
              14.44769027713449
            ],
            [
              120.9639786761701,
              14.44780364095139
            ],
            [
              120.963876903108,
              14.44822877351002
            ],
            [
              120.9637206710195,
              14.44886383146181
            ],
            [
              120.9636380324822,
              14.44901318711202
            ],
            [
              120.9637309379709,
              14.4490548883494
            ],
            [
              120.9636991413104,
              14.44914188366623
            ],
            [
              120.9637448529112,
              14.44922608397172
            ],
            [
              120.9641197260493,
              14.44937039701144
            ],
            [
              120.9641394430775,
              14.44939889238062
            ],
            [
              120.9642308596592,
              14.45010829008356
            ],
            [
              120.9642519746329,
              14.4501753227993
            ],
            [
              120.9644041623277,
              14.45025156752092
            ],
            [
              120.9643487288001,
              14.45030605561803
            ],
            [
              120.9641320193214,
              14.45019897685633
            ],
            [
              120.9639454030179,
              14.45008702441569
            ],
            [
              120.9634202845986,
              14.45160862039827
            ],
            [
              120.9634544541516,
              14.45163761377796
            ],
            [
              120.9640581424036,
              14.45184006770715
            ],
            [
              120.9637505314396,
              14.45375334583595
            ],
            [
              120.9636096107576,
              14.45415587157569
            ],
            [
              120.9636885839623,
              14.45420836484854
            ],
            [
              120.9633174765951,
              14.45546389808708
            ],
            [
              120.9626898067159,
              14.45550954591975
            ],
            [
              120.9620828662794,
              14.45580590263564
            ],
            [
              120.9617762719228,
              14.45590651424952
            ],
            [
              120.9616779574504,
              14.45588751572277
            ],
            [
              120.9614637752483,
              14.45783633541071
            ],
            [
              120.9614607596108,
              14.45786377652761
            ],
            [
              120.9614014536956,
              14.45819769961735
            ],
            [
              120.9613291359583,
              14.45860160743038
            ],
            [
              120.9613582316536,
              14.45867765008572
            ],
            [
              120.9604599234559,
              14.45840889235037
            ],
            [
              120.9604262257982,
              14.45832219011018
            ],
            [
              120.9603983108196,
              14.45809215070934
            ],
            [
              120.960204879269,
              14.4576346749531
            ],
            [
              120.9599482330696,
              14.45763506163391
            ],
            [
              120.9599082842241,
              14.45806865527158
            ],
            [
              120.9591162236976,
              14.45837719874175
            ],
            [
              120.9587432828955,
              14.45763885382195
            ],
            [
              120.9587432824117,
              14.45763885396472
            ],
            [
              120.9574013949514,
              14.45803482944484
            ],
            [
              120.9571257712498,
              14.45797889977023
            ],
            [
              120.9570878734985,
              14.45818957446532
            ],
            [
              120.9562112021828,
              14.45800014378905
            ],
            [
              120.9563494794906,
              14.45775010311213
            ],
            [
              120.9563566696295,
              14.45768769690613
            ],
            [
              120.9559051770076,
              14.45740182555765
            ]
          ]
        ],
        "type": "Polygon"
      }
    },
    {
      "type": "Feature",
      "properties": {
        "name_kml": "Ligas 1",
        "name_db": "LIGAS I",
        "centroid_lat": 14.451597,
        "centroid_lng": 120.968194
      },
      "geometry": {
        "coordinates": [
          [
            [
              120.9699827833908,
              14.45152133178289
            ],
            [
              120.9699992313697,
              14.45162361760179
            ],
            [
              120.9699642513605,
              14.45190729157354
            ],
            [
              120.9699621361929,
              14.45192444471796
            ],
            [
              120.9699232927345,
              14.45206846687864
            ],
            [
              120.9698621106853,
              14.45229531474333
            ],
            [
              120.9698153920534,
              14.4524846693307
            ],
            [
              120.9697707607212,
              14.45266937745682
            ],
            [
              120.9697338246102,
              14.45294796864969
            ],
            [
              120.9697296956639,
              14.45297911124699
            ],
            [
              120.9697696066549,
              14.45308027862927
            ],
            [
              120.9698321873214,
              14.45323890947556
            ],
            [
              120.9699597253629,
              14.45335758077339
            ],
            [
              120.9700577267833,
              14.45344876877222
            ],
            [
              120.9701327526395,
              14.45359172252822
            ],
            [
              120.9702412304852,
              14.45379841510995
            ],
            [
              120.9702832318361,
              14.45387844393923
            ],
            [
              120.9703180242718,
              14.45405489635215
            ],
            [
              120.9703344565968,
              14.45413823400593
            ],
            [
              120.97036658198,
              14.45441254099937
            ],
            [
              120.9703754122218,
              14.45449333436796
            ],
            [
              120.9703753877734,
              14.45464399375893
            ],
            [
              120.9703753629367,
              14.45479704456671
            ],
            [
              120.9703753563467,
              14.45483765371939
            ],
            [
              120.9703438783132,
              14.45500927247536
            ],
            [
              120.9703240436993,
              14.45511741097727
            ],
            [
              120.9702720055614,
              14.45522760253463
            ],
            [
              120.9701302920842,
              14.45552768238692
            ],
            [
              120.9700453355823,
              14.45570033000196
            ],
            [
              120.9699503315467,
              14.45588541093382
            ],
            [
              120.9698547870159,
              14.45607015013436
            ],
            [
              120.9697699475756,
              14.4562200574068
            ],
            [
              120.9696610539384,
              14.45641246696264
            ],
            [
              120.9695648807583,
              14.45658239979285
            ],
            [
              120.9694371652366,
              14.45680806577779
            ],
            [
              120.9693792115431,
              14.45690783531522
            ],
            [
              120.969229883421,
              14.45716238721538
            ],
            [
              120.9691139782797,
              14.45735996422525
            ],
            [
              120.9690932451443,
              14.45739530679792
            ],
            [
              120.9689392804025,
              14.45756259441792
            ],
            [
              120.9689048351634,
              14.45760002022425
            ],
            [
              120.9687264772811,
              14.45754913421021
            ],
            [
              120.9687334430754,
              14.45740707316496
            ],
            [
              120.9688792934885,
              14.45703502760464
            ],
            [
              120.9688723680341,
              14.45693355402862
            ],
            [
              120.9686780196297,
              14.45673734127006
            ],
            [
              120.9686572008179,
              14.45668998385187
            ],
            [
              120.9686988961028,
              14.45643968977489
            ],
            [
              120.9686572491131,
              14.45640585859883
            ],
            [
              120.9684628828636,
              14.45631788337596
            ],
            [
              120.9682144150799,
              14.45607681282776
            ],
            [
              120.9680237658211,
              14.45570487074391
            ],
            [
              120.9680184503031,
              14.45512432705442
            ],
            [
              120.967854775515,
              14.45421291512222
            ],
            [
              120.9678730662476,
              14.45414364862001
            ],
            [
              120.9680721228992,
              14.45402097578799
            ],
            [
              120.9680902547943,
              14.45398037744315
            ],
            [
              120.9680823121545,
              14.4538250444805
            ],
            [
              120.967897481091,
              14.4538942827419
            ],
            [
              120.9677268787024,
              14.45389623401041
            ],
            [
              120.9675684700631,
              14.4538526670048
            ],
            [
              120.967440537761,
              14.45374181486578
            ],
            [
              120.9674161741782,
              14.45369629153499
            ],
            [
              120.9673492017756,
              14.45341524436581
            ],
            [
              120.9673187481497,
              14.4533538865091
            ],
            [
              120.9672801689964,
              14.45330044403853
            ],
            [
              120.9672395540571,
              14.45327272907345
            ],
            [
              120.9671319150067,
              14.45325885784928
            ],
            [
              120.9670770769878,
              14.45327072330973
            ],
            [
              120.9670039569378,
              14.45329643976434
            ],
            [
              120.9668577101885,
              14.45339537038619
            ],
            [
              120.9668049024644,
              14.4534072370301
            ],
            [
              120.9667541281246,
              14.45340722843138
            ],
            [
              120.966723665827,
              14.4533953476919
            ],
            [
              120.9663642551802,
              14.45299946257102
            ],
            [
              120.9663338133017,
              14.45287477240123
            ],
            [
              120.9664069993356,
              14.45247698159653
            ],
            [
              120.9664049848175,
              14.45238396238236
            ],
            [
              120.9663562555251,
              14.45230874718617
            ],
            [
              120.9662608241523,
              14.45217613002284
            ],
            [
              120.96615729158,
              14.45192278438082
            ],
            [
              120.9661430939987,
              14.45181590897829
            ],
            [
              120.9661229556756,
              14.45174345178172
            ],
            [
              120.9660842343449,
              14.45160413323842
            ],
            [
              120.9660747877465,
              14.45154932824688
            ],
            [
              120.9660381511594,
              14.45104069833897
            ],
            [
              120.9660842131181,
              14.45089293175668
            ],
            [
              120.9661275858165,
              14.45063961133867
            ],
            [
              120.966024708202,
              14.45050765168187
            ],
            [
              120.9658817754383,
              14.45041585358751
            ],
            [
              120.9656483448471,
              14.45029911893728
            ],
            [
              120.9656104455153,
              14.45023578103895
            ],
            [
              120.9656023384306,
              14.45014342054366
            ],
            [
              120.9657506221666,
              14.44986246540135
            ],
            [
              120.9657621653696,
              14.44981975183758
            ],
            [
              120.9658299584708,
              14.44929727427357
            ],
            [
              120.965752646911,
              14.44923868828563
            ],
            [
              120.9656783327342,
              14.44920225053685
            ],
            [
              120.9655673130989,
              14.44917848184336
            ],
            [
              120.9654915056532,
              14.44910194211512
            ],
            [
              120.965435576371,
              14.44902779084332
            ],
            [
              120.9643222113146,
              14.44928703057628
            ],
            [
              120.9637309379709,
              14.4490548883494
            ],
            [
              120.9636380324822,
              14.44901318711202
            ],
            [
              120.9637206710195,
              14.44886383146181
            ],
            [
              120.9639786761701,
              14.44780364095139
            ],
            [
              120.9645027897013,
              14.44765848429861
            ],
            [
              120.9647194142278,
              14.44757177742945
            ],
            [
              120.9642167814751,
              14.44674722112165
            ],
            [
              120.9645204311394,
              14.44662210504559
            ],
            [
              120.9646854477483,
              14.44652868355493
            ],
            [
              120.9651026922251,
              14.44625384760873
            ],
            [
              120.9653760833542,
              14.44598918786884
            ],
            [
              120.9656318260011,
              14.44550687574089
            ],
            [
              120.9658628482882,
              14.44505508987829
            ],
            [
              120.9667931414347,
              14.44554472664917
            ],
            [
              120.9670513482018,
              14.44562541914198
            ],
            [
              120.9672598594485,
              14.44571623330921
            ],
            [
              120.9679511020826,
              14.44617181659319
            ],
            [
              120.9684199869574,
              14.44563310107164
            ],
            [
              120.9687078622941,
              14.44583782902674
            ],
            [
              120.968794101921,
              14.44567457013066
            ],
            [
              120.9689270924881,
              14.44558218444548
            ],
            [
              120.9690219418012,
              14.44560591101607
            ],
            [
              120.9702583043122,
              14.44638528604558
            ],
            [
              120.9701520219909,
              14.4464838952093
            ],
            [
              120.9700644302896,
              14.44656516303868
            ],
            [
              120.9699972395412,
              14.44668371092571
            ],
            [
              120.9699300487216,
              14.44680225879227
            ],
            [
              120.9699053233579,
              14.4469787436753
            ],
            [
              120.969915642885,
              14.44722103881917
            ],
            [
              120.9699152209054,
              14.44739059470958
            ],
            [
              120.9699134725058,
              14.4474801332946
            ],
            [
              120.9698969913816,
              14.44758441964124
            ],
            [
              120.9698146371904,
              14.44778095085395
            ],
            [
              120.9698104852752,
              14.44799754963314
            ],
            [
              120.9698149783337,
              14.44803525576743
            ],
            [
              120.9698310380655,
              14.44817003031827
            ],
            [
              120.9698845154184,
              14.44835856114594
            ],
            [
              120.9698873730727,
              14.44854268874987
            ],
            [
              120.9698885518753,
              14.44884390506228
            ],
            [
              120.9699324807406,
              14.44903668772064
            ],
            [
              120.9699708149414,
              14.44920491780814
            ],
            [
              120.9699707863319,
              14.4493793307059
            ],
            [
              120.9699671119221,
              14.44950168092102
            ],
            [
              120.9699542744722,
              14.44967020313376
            ],
            [
              120.9698842667887,
              14.44987074750931
            ],
            [
              120.9697401617806,
              14.45011941345415
            ],
            [
              120.9696783812831,
              14.45035605849519
            ],
            [
              120.9696726523712,
              14.4505571307135
            ],
            [
              120.9696685529311,
              14.45070101182161
            ],
            [
              120.9697020300122,
              14.45082750934251
            ],
            [
              120.9697505279747,
              14.45101076496071
            ],
            [
              120.9699072171395,
              14.4513008989298
            ],
            [
              120.9699663354269,
              14.451419045962
            ],
            [
              120.9699827833908,
              14.45152133178289
            ]
          ]
        ],
        "type": "Polygon"
      }
    },
    {
      "type": "Feature",
      "properties": {
        "name_kml": "Real",
        "name_db": "REAL",
        "centroid_lat": 14.434469,
        "centroid_lng": 120.948203
      },
      "geometry": {
        "coordinates": [
          [
            [
              120.9485494318015,
              14.43618782821803
            ],
            [
              120.9487693911653,
              14.43665612352888
            ],
            [
              120.9477408002354,
              14.43678613464715
            ],
            [
              120.9474474876009,
              14.43665426810498
            ],
            [
              120.9471883461034,
              14.43658929712015
            ],
            [
              120.9471224639299,
              14.43654179368409
            ],
            [
              120.946927251282,
              14.43648984052799
            ],
            [
              120.9463842759824,
              14.43643336925921
            ],
            [
              120.9465246219008,
              14.43600794968568
            ],
            [
              120.946668539827,
              14.43595613500697
            ],
            [
              120.9470248426173,
              14.4359546652124
            ],
            [
              120.9471272753397,
              14.43582733399084
            ],
            [
              120.9469529663412,
              14.43578113513506
            ],
            [
              120.9465510239536,
              14.43575878418369
            ],
            [
              120.9465574556381,
              14.43553429701855
            ],
            [
              120.9457289302255,
              14.43587276312309
            ],
            [
              120.9458000796543,
              14.43613275896179
            ],
            [
              120.9457676732733,
              14.43634570428505
            ],
            [
              120.9435569313014,
              14.43589216700927
            ],
            [
              120.94342426586,
              14.43613495621249
            ],
            [
              120.9430265286139,
              14.43605492042174
            ],
            [
              120.9431503967738,
              14.43535184783227
            ],
            [
              120.942325510505,
              14.4352029886837
            ],
            [
              120.9422097482498,
              14.43541117031796
            ],
            [
              120.9414408536559,
              14.43527177340606
            ],
            [
              120.9409811824142,
              14.43509989036466
            ],
            [
              120.9403163378572,
              14.4350133673424
            ],
            [
              120.9401522471733,
              14.43496908252578
            ],
            [
              120.9401375412733,
              14.43499834661258
            ],
            [
              120.9377919479258,
              14.43410544564138
            ],
            [
              120.9378686668079,
              14.43394819306661
            ],
            [
              120.9380334673194,
              14.43369324011618
            ],
            [
              120.9382403396272,
              14.43337319958822
            ],
            [
              120.9383763049958,
              14.43304993622231
            ],
            [
              120.9384566481262,
              14.43290440100427
            ],
            [
              120.9385369911521,
              14.4327588657567
            ],
            [
              120.9386105972084,
              14.43266363281596
            ],
            [
              120.9387277003383,
              14.43255765304093
            ],
            [
              120.9395006395319,
              14.43220236591941
            ],
            [
              120.93964182656,
              14.43209613856249
            ],
            [
              120.9398436271394,
              14.43186092279527
            ],
            [
              120.9400306518622,
              14.43161817637391
            ],
            [
              120.9401265350008,
              14.43165304659522
            ],
            [
              120.940275387149,
              14.43170057661705
            ],
            [
              120.9406223482775,
              14.43181136524665
            ],
            [
              120.9410814791494,
              14.4319579697567
            ],
            [
              120.9414563669677,
              14.43206777675975
            ],
            [
              120.9417060988909,
              14.43213661457891
            ],
            [
              120.9420020616607,
              14.43221819634773
            ],
            [
              120.9421162107501,
              14.43222433622454
            ],
            [
              120.9421699290142,
              14.43222722561531
            ],
            [
              120.9424460947614,
              14.4323002442785
            ],
            [
              120.9425665174656,
              14.43233208372954
            ],
            [
              120.9427956587426,
              14.43236170157
            ],
            [
              120.9430310405513,
              14.43239212619618
            ],
            [
              120.9432002455832,
              14.43241710671315
            ],
            [
              120.9432442349521,
              14.43232605724587
            ],
            [
              120.9445418267635,
              14.43255498297388
            ],
            [
              120.9446508562015,
              14.43258913554841
            ],
            [
              120.9446257199325,
              14.43275987566885
            ],
            [
              120.9471407248964,
              14.433135768786
            ],
            [
              120.9469895764426,
              14.4328261248091
            ],
            [
              120.9471319610199,
              14.43285660565295
            ],
            [
              120.9473647439634,
              14.43277465863382
            ],
            [
              120.9484993441874,
              14.43297001045011
            ],
            [
              120.9485427551786,
              14.43286445319429
            ],
            [
              120.948669462194,
              14.43267850130896
            ],
            [
              120.9487996948174,
              14.43280779853596
            ],
            [
              120.9490942682832,
              14.43267541115279
            ],
            [
              120.949342575094,
              14.43247795927318
            ],
            [
              120.9494470790192,
              14.4326093001185
            ],
            [
              120.9495607590187,
              14.43259009760944
            ],
            [
              120.9499583941796,
              14.43258182478234
            ],
            [
              120.9509759104088,
              14.43271348341165
            ],
            [
              120.9517305079844,
              14.43274588815866
            ],
            [
              120.9518863337732,
              14.43214437305233
            ],
            [
              120.952378367435,
              14.43230690993173
            ],
            [
              120.9534802355652,
              14.43253514551712
            ],
            [
              120.9535259251287,
              14.43252935043395
            ],
            [
              120.9542470907701,
              14.43231813187139
            ],
            [
              120.9554527494833,
              14.43232492566324
            ],
            [
              120.9554985389311,
              14.43318946566127
            ],
            [
              120.9554887986323,
              14.43359279808993
            ],
            [
              120.9555622789931,
              14.433623855613
            ],
            [
              120.9556054972899,
              14.43424769019787
            ],
            [
              120.9568385911541,
              14.43426750805518
            ],
            [
              120.9570593600719,
              14.43381665981157
            ],
            [
              120.95730612505,
              14.43381455303709
            ],
            [
              120.9571645834519,
              14.43537878043194
            ],
            [
              120.9571865335703,
              14.43557070574187
            ],
            [
              120.9577132147362,
              14.43554742159098
            ],
            [
              120.9577165567758,
              14.43571236921758
            ],
            [
              120.957839827625,
              14.43570265353232
            ],
            [
              120.9578681449491,
              14.43576974247456
            ],
            [
              120.958733528254,
              14.43566979243947
            ],
            [
              120.9589830523465,
              14.43609415643733
            ],
            [
              120.9589829510096,
              14.43616392162852
            ],
            [
              120.9578509461532,
              14.43620104905925
            ],
            [
              120.9578169499468,
              14.43697379854005
            ],
            [
              120.9572483570014,
              14.43700988737497
            ],
            [
              120.9571693352295,
              14.43685960508524
            ],
            [
              120.9565801665006,
              14.43688529166646
            ],
            [
              120.9565524855247,
              14.43681288970991
            ],
            [
              120.9555651395103,
              14.43685987388463
            ],
            [
              120.9555508969133,
              14.43698601576149
            ],
            [
              120.9552237806106,
              14.43689177931504
            ],
            [
              120.953515719425,
              14.43681990021613
            ],
            [
              120.9534968122819,
              14.43676249098048
            ],
            [
              120.9532828165496,
              14.43674876708254
            ],
            [
              120.9532373945032,
              14.43650194801656
            ],
            [
              120.9531757420792,
              14.43599666496116
            ],
            [
              120.9522630969927,
              14.43603885873852
            ],
            [
              120.9521422383825,
              14.43598747283271
            ],
            [
              120.9514392578279,
              14.43605698762695
            ],
            [
              120.9507056116631,
              14.43601752502792
            ],
            [
              120.9504734944687,
              14.43597960090599
            ],
            [
              120.9501873579362,
              14.43591293269133
            ],
            [
              120.9500449926923,
              14.43586374240528
            ],
            [
              120.94991377541,
              14.4357222317054
            ],
            [
              120.9499089695253,
              14.43559454514256
            ],
            [
              120.9498989284968,
              14.43547219330462
            ],
            [
              120.9499157389685,
              14.43541163807363
            ],
            [
              120.9500014233768,
              14.43528890326635
            ],
            [
              120.9500240954421,
              14.43522105884039
            ],
            [
              120.9500059277897,
              14.43521634836363
            ],
            [
              120.9484160063699,
              14.43589875625186
            ],
            [
              120.9485494318015,
              14.43618782821803
            ]
          ]
        ],
        "type": "Polygon"
      }
    },
    {
      "type": "Feature",
      "properties": {
        "name_kml": "Panapaan 2",
        "name_db": "P.F. ESPIRITU II",
        "centroid_lat": 14.454923,
        "centroid_lng": 120.951818
      },
      "geometry": {
        "coordinates": [
          [
            [
              120.9554736085624,
              14.45704156682073
            ],
            [
              120.9554739445151,
              14.45704188677592
            ],
            [
              120.9559051770076,
              14.45740182555765
            ],
            [
              120.9563566696295,
              14.45768769690613
            ],
            [
              120.9563494794906,
              14.45775010311213
            ],
            [
              120.9562112021828,
              14.45800014378905
            ],
            [
              120.9570878734985,
              14.45818957446532
            ],
            [
              120.9571257712498,
              14.45797889977023
            ],
            [
              120.9574013949514,
              14.45803482944484
            ],
            [
              120.9576841185637,
              14.45823297968626
            ],
            [
              120.9575619284048,
              14.45840036189287
            ],
            [
              120.9575543309234,
              14.45851151100375
            ],
            [
              120.9572810927337,
              14.45986704387294
            ],
            [
              120.9564167266911,
              14.45976122908125
            ],
            [
              120.9563820421851,
              14.45982638048208
            ],
            [
              120.9534675825233,
              14.4594382479905
            ],
            [
              120.9533041798137,
              14.45944119730525
            ],
            [
              120.9532841569989,
              14.45942906864262
            ],
            [
              120.953249623405,
              14.45935590753101
            ],
            [
              120.9532138168919,
              14.4590242719817
            ],
            [
              120.9531851564815,
              14.45843194947442
            ],
            [
              120.9530002098877,
              14.45843357859746
            ],
            [
              120.9529687456735,
              14.4582295193462
            ],
            [
              120.9528685719771,
              14.45821122804369
            ],
            [
              120.9527272749351,
              14.45824262137175
            ],
            [
              120.9527357495435,
              14.45830551980976
            ],
            [
              120.9519700568402,
              14.45840510013871
            ],
            [
              120.951972413809,
              14.45832511978557
            ],
            [
              120.9519284621396,
              14.45824515319538
            ],
            [
              120.9518030107642,
              14.45834673189023
            ],
            [
              120.9516365064483,
              14.4583826261438
            ],
            [
              120.9512049769729,
              14.45827849973547
            ],
            [
              120.9512317901362,
              14.45807367243187
            ],
            [
              120.950846722168,
              14.45721479877507
            ],
            [
              120.9502504198724,
              14.45702040614788
            ],
            [
              120.9497304924877,
              14.45685373189452
            ],
            [
              120.9488870560463,
              14.4565816027324
            ],
            [
              120.9488052249917,
              14.45657373651939
            ],
            [
              120.9477778515119,
              14.45654765898142
            ],
            [
              120.9477533506265,
              14.45730842410724
            ],
            [
              120.947435199006,
              14.45729111229234
            ],
            [
              120.947363991949,
              14.45731925200722
            ],
            [
              120.9470788806873,
              14.45732688821892
            ],
            [
              120.9468826133324,
              14.45735053334426
            ],
            [
              120.9464112724618,
              14.45750546173086
            ],
            [
              120.9462320270454,
              14.45747008826306
            ],
            [
              120.9461575193266,
              14.4574170778285
            ],
            [
              120.9461394036254,
              14.45737585801769
            ],
            [
              120.9461879901075,
              14.45645931410509
            ],
            [
              120.9461555932533,
              14.4562638410848
            ],
            [
              120.9460448537159,
              14.45613231545789
            ],
            [
              120.9462459861259,
              14.45603994847835
            ],
            [
              120.9462663441763,
              14.45592787377259
            ],
            [
              120.9462745423673,
              14.45551323327817
            ],
            [
              120.9463823658669,
              14.45547943035927
            ],
            [
              120.9465261179244,
              14.45455461577863
            ],
            [
              120.9464824980766,
              14.45443123209996
            ],
            [
              120.9465124186546,
              14.45393974797927
            ],
            [
              120.9464579384742,
              14.45329646741314
            ],
            [
              120.9463491645802,
              14.45328579323452
            ],
            [
              120.9463397776313,
              14.4531842822059
            ],
            [
              120.9463620118618,
              14.45306831871465
            ],
            [
              120.9464920115931,
              14.45297336003265
            ],
            [
              120.946626119565,
              14.45270424924507
            ],
            [
              120.9468373739558,
              14.45253015082028
            ],
            [
              120.9470079784334,
              14.45247874020323
            ],
            [
              120.9470688989459,
              14.45249854523497
            ],
            [
              120.9471703996343,
              14.45265293346557
            ],
            [
              120.9472718519915,
              14.45299334758035
            ],
            [
              120.9473896129887,
              14.45310024384598
            ],
            [
              120.9474749033463,
              14.4531200558079
            ],
            [
              120.9478283038976,
              14.45299348724047
            ],
            [
              120.9481573499658,
              14.45280754326317
            ],
            [
              120.9483442223257,
              14.45267697547287
            ],
            [
              120.9483645581764,
              14.45257011390208
            ],
            [
              120.9481574793838,
              14.45231279219957
            ],
            [
              120.9481169153701,
              14.45211092357332
            ],
            [
              120.9482184826931,
              14.45201595595395
            ],
            [
              120.9485880851846,
              14.45205562750004
            ],
            [
              120.9489060368695,
              14.45211872468284
            ],
            [
              120.9490632858692,
              14.45211511482878
            ],
            [
              120.9491568443474,
              14.45207502734825
            ],
            [
              120.9492056118231,
              14.45224998557859
            ],
            [
              120.9493989081052,
              14.45228204943224
            ],
            [
              120.9494170795842,
              14.4523597634344
            ],
            [
              120.9495715921873,
              14.45239794847417
            ],
            [
              120.9495865619194,
              14.45242726679118
            ],
            [
              120.9496140848311,
              14.45228044033982
            ],
            [
              120.9496485445768,
              14.45229217878772
            ],
            [
              120.9496849961709,
              14.45233501794826
            ],
            [
              120.9499189943887,
              14.45238695494392
            ],
            [
              120.9499417379196,
              14.4522008133495
            ],
            [
              120.9501047016015,
              14.45220767021486
            ],
            [
              120.9501209398861,
              14.45192776160784
            ],
            [
              120.9504345218906,
              14.45199219562021
            ],
            [
              120.9504922309498,
              14.45179636860832
            ],
            [
              120.9502881662553,
              14.45176156624178
            ],
            [
              120.95030792642,
              14.45164949551496
            ],
            [
              120.9507676642931,
              14.451622972465
            ],
            [
              120.9511456317417,
              14.45189847143344
            ],
            [
              120.9513914555134,
              14.4519434845207
            ],
            [
              120.951383014356,
              14.45217554025333
            ],
            [
              120.9516073288675,
              14.45218877080358
            ],
            [
              120.951655771191,
              14.45212071923488
            ],
            [
              120.9518071059443,
              14.45213785973147
            ],
            [
              120.9517814245006,
              14.4524872418455
            ],
            [
              120.9519288744789,
              14.45251059165419
            ],
            [
              120.9519311818697,
              14.45262919789526
            ],
            [
              120.9522807985029,
              14.45267081039914
            ],
            [
              120.95228672181,
              14.4527768902267
            ],
            [
              120.9525441682719,
              14.45303017428879
            ],
            [
              120.9525055427464,
              14.45311794921092
            ],
            [
              120.9525230237515,
              14.45312541986477
            ],
            [
              120.9524673180878,
              14.45341920706366
            ],
            [
              120.9526156680852,
              14.45346324919696
            ],
            [
              120.952815012682,
              14.45352119856091
            ],
            [
              120.9530259480724,
              14.45362782497213
            ],
            [
              120.9531041480106,
              14.45374539368122
            ],
            [
              120.9532155125761,
              14.45379289415853
            ],
            [
              120.9533615100315,
              14.45372718904722
            ],
            [
              120.9534037462865,
              14.45369344735346
            ],
            [
              120.9534556978239,
              14.45369572426096
            ],
            [
              120.9534802649403,
              14.45358476798028
            ],
            [
              120.9534768071599,
              14.45350928682559
            ],
            [
              120.9539937927796,
              14.45350516785954
            ],
            [
              120.9541620234316,
              14.45360604214923
            ],
            [
              120.9541760847664,
              14.45375268382958
            ],
            [
              120.9542516517949,
              14.45375212451171
            ],
            [
              120.9542342173617,
              14.45395638945291
            ],
            [
              120.9541353114955,
              14.45441216291325
            ],
            [
              120.9540406417301,
              14.45472000372805
            ],
            [
              120.9540172569074,
              14.45477925163339
            ],
            [
              120.9541172975112,
              14.45480519434029
            ],
            [
              120.954084382329,
              14.45490798178121
            ],
            [
              120.9542330770743,
              14.45495093655355
            ],
            [
              120.9543853159988,
              14.45499768634498
            ],
            [
              120.9546708404358,
              14.4551377101959
            ],
            [
              120.9551899801869,
              14.45411001594256
            ],
            [
              120.9553099801943,
              14.45372501594368
            ],
            [
              120.955485421366,
              14.45245537723236
            ],
            [
              120.9557199801853,
              14.45132001594221
            ],
            [
              120.9570634280404,
              14.45414995297085
            ],
            [
              120.9570151266454,
              14.45426213533553
            ],
            [
              120.9560361898376,
              14.45425774304383
            ],
            [
              120.9558509974097,
              14.4542380663
            ],
            [
              120.9558233027858,
              14.45425298636115
            ],
            [
              120.9558896383033,
              14.45446170128233
            ],
            [
              120.9561979343381,
              14.45480828409087
            ],
            [
              120.9558975087738,
              14.45500326217351
            ],
            [
              120.9558992925665,
              14.45510471423765
            ],
            [
              120.9560188999102,
              14.4551339801637
            ],
            [
              120.9559949844018,
              14.45528192753029
            ],
            [
              120.9560730890887,
              14.45536669752995
            ],
            [
              120.9561196929775,
              14.4553616866982
            ],
            [
              120.9561991428828,
              14.45544545458435
            ],
            [
              120.9562206865829,
              14.45550310258828
            ],
            [
              120.9562866207438,
              14.455944481423
            ],
            [
              120.9561746819218,
              14.45591859945232
            ],
            [
              120.9560489596526,
              14.45593529895158
            ],
            [
              120.9560156343111,
              14.455939726032
            ],
            [
              120.9558829736367,
              14.45592980853398
            ],
            [
              120.9557759753254,
              14.45633000637796
            ],
            [
              120.9557699640727,
              14.45642335200196
            ],
            [
              120.9557944475733,
              14.45651972937148
            ],
            [
              120.9554736085624,
              14.45704156682073
            ]
          ]
        ],
        "type": "Polygon"
      }
    },
    {
      "type": "Feature",
      "properties": {
        "name_kml": "Panapaan 4",
        "name_db": "P.F. ESPIRITU IV",
        "centroid_lat": 14.44346,
        "centroid_lng": 120.954188
      },
      "geometry": {
        "coordinates": [
          [
            [
              120.9521767956434,
              14.44544452278561
            ],
            [
              120.9521617839794,
              14.44528167883684
            ],
            [
              120.9524166405998,
              14.44502955846403
            ],
            [
              120.9524547924489,
              14.44491810836388
            ],
            [
              120.9520872804454,
              14.44411188737391
            ],
            [
              120.9513411619473,
              14.44399173827556
            ],
            [
              120.951160395942,
              14.44353489119679
            ],
            [
              120.9511432736424,
              14.44331471119176
            ],
            [
              120.9511581840551,
              14.44327999089241
            ],
            [
              120.9511727489021,
              14.4432698875584
            ],
            [
              120.9511906286078,
              14.44326705912635
            ],
            [
              120.9512156329418,
              14.44326902996416
            ],
            [
              120.9512299316276,
              14.44327378934613
            ],
            [
              120.9512617428535,
              14.44330897256015
            ],
            [
              120.9513044054387,
              14.44333140693055
            ],
            [
              120.9513262607088,
              14.44333642095771
            ],
            [
              120.9513464978672,
              14.44333673985158
            ],
            [
              120.9513673552361,
              14.44333371835564
            ],
            [
              120.9514784199012,
              14.44329986567171
            ],
            [
              120.9514990718775,
              14.44328183162321
            ],
            [
              120.9515945134312,
              14.44305072340022
            ],
            [
              120.9515780762737,
              14.44301465986682
            ],
            [
              120.9513661815395,
              14.44290005998035
            ],
            [
              120.9512723783272,
              14.44287773112283
            ],
            [
              120.9511389624482,
              14.44272889745712
            ],
            [
              120.9510943351366,
              14.44263150606445
            ],
            [
              120.9510622146169,
              14.44252020567287
            ],
            [
              120.9510801005555,
              14.44242109002418
            ],
            [
              120.951135495579,
              14.44230633228047
            ],
            [
              120.9513115546168,
              14.44212157861223
            ],
            [
              120.9513158416824,
              14.44210168785674
            ],
            [
              120.9512587756977,
              14.44197583970728
            ],
            [
              120.9510782457066,
              14.4419090674187
            ],
            [
              120.9507456381385,
              14.4418459791724
            ],
            [
              120.9507167811416,
              14.44180361284747
            ],
            [
              120.9506349768536,
              14.44147501145937
            ],
            [
              120.9509791774675,
              14.44133957181139
            ],
            [
              120.951098284625,
              14.44123767973801
            ],
            [
              120.9511498617233,
              14.44120873388894
            ],
            [
              120.951282068156,
              14.44087050557849
            ],
            [
              120.9510402970734,
              14.440547465061
            ],
            [
              120.9510695117846,
              14.44013501337979
            ],
            [
              120.9512106335198,
              14.43996482506175
            ],
            [
              120.9513450122206,
              14.4398928402753
            ],
            [
              120.9513383188671,
              14.4397946344065
            ],
            [
              120.9512414877591,
              14.43970301818593
            ],
            [
              120.9509031770313,
              14.43957668317152
            ],
            [
              120.9527825915897,
              14.43950383046438
            ],
            [
              120.9529147801548,
              14.43874655081954
            ],
            [
              120.9544994562007,
              14.43902704112157
            ],
            [
              120.954339909876,
              14.44003813445259
            ],
            [
              120.9549823076147,
              14.44029489245257
            ],
            [
              120.9562489158964,
              14.44020838254118
            ],
            [
              120.9565317773922,
              14.4402781282338
            ],
            [
              120.955980158325,
              14.44200319969616
            ],
            [
              120.9573625014841,
              14.44218134110722
            ],
            [
              120.9573133431605,
              14.44244786309566
            ],
            [
              120.9583646750636,
              14.4426982635864
            ],
            [
              120.9584501404344,
              14.44378180095931
            ],
            [
              120.958744017892,
              14.44377184968626
            ],
            [
              120.9588881301946,
              14.44382735591563
            ],
            [
              120.9589630285069,
              14.44413807964981
            ],
            [
              120.959263284241,
              14.44407205824099
            ],
            [
              120.9592973939571,
              14.4440123332305
            ],
            [
              120.9594109179478,
              14.44392937310281
            ],
            [
              120.9595822107601,
              14.44386924993265
            ],
            [
              120.9599214648704,
              14.44397850984281
            ],
            [
              120.9612278817743,
              14.44450866019043
            ],
            [
              120.9610689715842,
              14.4451280123039
            ],
            [
              120.96115358566323,
              14.445270358312822
            ],
            [
              120.96107870818489,
              14.4454111391622
            ],
            [
              120.96103191648469,
              14.445525663518433
            ],
            [
              120.96095251360141,
              14.445662260597734
            ],
            [
              120.96077670618241,
              14.446017076254446
            ],
            [
              120.96075153294873,
              14.446064399670277
            ],
            [
              120.96071884338271,
              14.446120333388059
            ],
            [
              120.9605564042637,
              14.44618801732674
            ],
            [
              120.9601746421991,
              14.44655533780306
            ],
            [
              120.9585522429363,
              14.44580201210799
            ],
            [
              120.9582803826406,
              14.4462022780515
            ],
            [
              120.9576626607868,
              14.44590841720641
            ],
            [
              120.9572414372332,
              14.44622412637258
            ],
            [
              120.9567464004882,
              14.44634772320638
            ],
            [
              120.9564936730227,
              14.44678426783487
            ],
            [
              120.9559186758213,
              14.44663031729707
            ],
            [
              120.954766353923,
              14.44623664372689
            ],
            [
              120.9547070431093,
              14.44652740657976
            ],
            [
              120.9546208928359,
              14.44652665858558
            ],
            [
              120.9545889463806,
              14.44641772683148
            ],
            [
              120.9545877558242,
              14.44627078614762
            ],
            [
              120.9543718290625,
              14.44623158737555
            ],
            [
              120.9540598601141,
              14.44632277223897
            ],
            [
              120.9538444140727,
              14.44592756384948
            ],
            [
              120.9532304251317,
              14.44611463832858
            ],
            [
              120.9529498244124,
              14.44554924276714
            ],
            [
              120.9528426896627,
              14.44545856687618
            ],
            [
              120.9527398003028,
              14.44539614389164
            ],
            [
              120.9525984583427,
              14.44536550132144
            ],
            [
              120.9521767956434,
              14.44544452278561
            ]
          ]
        ],
        "type": "Polygon"
      }
    }
  ]
}